Player,Pos,Tm,Cap Hit,year
Ben Roethlisberger,QB,PIT,"$23,950,000",2016
Matt Ryan,QB,ATL,"$23,750,000",2016
Joe Flacco,QB,BAL,"$22,550,000",2016
Kirk Cousins,QB,WAS,"$19,953,000",2016
Cam Newton,QB,CAR,"$19,500,000",2016
Aaron Rodgers,QB,GNB,"$19,250,000",2016
Justin Houston,LB,KAN,"$19,100,000",2016
Andrew Luck,QB,IND,"$18,400,000",2016
Sam Bradford,QB,MIN,"$18,000,000",2016
Alex Smith,QB,KAN,"$17,800,000",2016
Eli Manning,QB,NYG,"$17,500,000",2016
Matthew Stafford,QB,DET,"$17,000,000",2016
Darrelle Revis,DB,NYJ,"$17,000,000",2016
Jay Cutler,QB,CHI,"$17,000,000",2016
Philip Rivers,QB,SDG,"$16,500,000",2016
Julio Jones,WR,ATL,"$15,900,000",2016
Demaryius Thomas,WR,DEN,"$15,200,000",2016
Lawrence Timmons,LB,PIT,"$15,131,250",2016
Alshon Jeffery,WR,CHI,"$14,599,000",2016
Trumaine Johnson,CB,LAR,"$13,952,000",2016
Clay Matthews,LB,GNB,"$13,750,000",2016
Joe Haden,DB,CLE,"$13,400,000",2016
Kelechi Osemele,T,OAK,"$13,200,000",2016
Andy Dalton,QB,CIN,"$13,100,000",2016
A.J. Green,WR,CIN,"$13,000,000",2016
Ndamukong Suh,DT,MIA,"$12,600,000",2016
Richard Sherman,DB,SEA,"$12,569,000",2016
Bruce Irvin,DE,OAK,"$12,500,000",2016
Jeremy Maclin,WR,KAN,"$12,400,000",2016
Russell Wilson,QB,SEA,"$12,342,000",2016
Brock Osweiler,QB,HOU,"$12,000,000",2016
Sam Shields,DB,GNB,"$12,000,000",2016
Colin Kaepernick,QB,SFO,"$11,900,000",2016
Antonio Brown,WR,PIT,"$11,883,333",2016
Ryan Kalil,C,CAR,"$11,829,000",2016
Ryan Tannehill,QB,MIA,"$11,640,000",2016
Marcell Dareus,DT,BUF,"$11,514,705",2016
Jeremiah Attaochu,OLB,SDG,"$11,463,000",2016
Matt Kalil,OT,MIN,"$11,096,000",2016
Stephon Gilmore,CB,BUF,"$11,082,000",2016
Larry Fitzgerald,WR,ARI,"$11,000,000",2016
T.Y. Hilton,WR,IND,"$11,000,000",2016
Sean Smith,DB,OAK,"$11,000,000",2016
Michael Crabtree,WR,OAK,"$11,000,000",2016
Eric Berry,DB,KAN,"$10,806,000",2016
Maurkice Pouncey,C,PIT,"$10,551,000",2016
Julius Peppers,DE,GNB,"$10,500,000",2016
J.J. Watt,DE,HOU,"$10,500,000",2016
Cameron Heyward,DE,PIT,"$10,400,000",2016
Branden Albert,G,MIA,"$10,150,000",2016
Mike Pouncey,OL,MIA,"$10,025,000",2016
Corey Liuget,DT,SDG,"$10,000,000",2016
Lavonte David,OLB,TAM,"$10,000,000",2016
Malik Jackson,DT,JAX,"$10,000,000",2016
Aqib Talib,DB,DEN,"$9,968,750",2016
Anthony Castonzo,OL,IND,"$9,800,000",2016
Vincent Jackson,WR,TAM,"$9,777,777",2016
Patrick Peterson,CB,ARI,"$9,750,000",2016
Brandon Flowers,DB,SDG,"$9,750,000",2016
Geno Atkins,DT,CIN,"$9,600,000",2016
Jonathan Stewart,RB,CAR,"$9,550,000",2016
Brandon Marshall,WR,NYJ,"$9,500,000",2016
Lardarius Webb,DB,BAL,"$9,500,000",2016
Duane Brown,G,HOU,"$9,500,000",2016
Joe Thomas,T,CLE,"$9,500,000",2016
Calais Campbell,DE,ARI,"$9,500,000",2016
Randall Cobb,WR,GNB,"$9,150,000",2016
Allen Hurns,WR,JAX,"$9,001,668",2016
Chris Harris,CB,DEN,"$9,000,000",2016
Dez Bryant,WR,DAL,"$9,000,000",2016
Dwayne Allen,TE,IND,"$8,906,250",2016
Jimmy Graham,TE,SEA,"$8,900,000",2016
Jason McCourty,DB,TEN,"$8,800,000",2016
Cameron Wake,LB,MIA,"$8,525,000",2016
Byron Maxwell,DB,MIA,"$8,500,000",2016
Tony Romo,QB,DAL,"$8,500,000",2016
Kareem Jackson,DB,HOU,"$8,437,500",2016
Vontae Davis,DB,IND,"$8,375,000",2016
Jordy Nelson,WR,GNB,"$8,300,000",2016
Brian Orakpo,LB,TEN,"$8,250,000",2016
Reshad Jones,DB,MIA,"$8,202,942",2016
Jurrell Casey,DL,TEN,"$8,120,000",2016
David DeCastro,G,PIT,"$8,070,000",2016
Kevin Zeitler,G,CIN,"$8,070,000",2016
Riley Reiff,OT,DET,"$8,070,000",2016
Jason Peters,T,PHI,"$8,050,000",2016
DeMarcus Ware,LB,DEN,"$8,010,418",2016
Earl Thomas,DB,SEA,"$8,000,000",2016
Jared Odrick,DT,JAX,"$8,000,000",2016
Andrew Whitworth,T,CIN,"$8,000,000",2016
Jordan Cameron,TE,MIA,"$8,000,000",2016
Chandler Jones,DE,ARI,"$7,799,000",2016
Robert Quinn,DE,LAR,"$7,777,777",2016
Melvin Ingram,DE,SDG,"$7,751,000",2016
Dont'a Hightower,ILB,NWE,"$7,751,000",2016
Adrian Peterson,RB,MIN,"$7,750,000",2016
Keenan Allen,WR,SDG,"$7,724,450",2016
Rodney Hudson,OL,OAK,"$7,700,000",2016
LeSean McCoy,RB,BUF,"$7,675,000",2016
Pernell McPhee,DL,CHI,"$7,675,000",2016
Adam Jones,DB,CIN,"$7,604,166",2016
Pierre Garcon,WR,WAS,"$7,600,000",2016
Jerry Hughes,DE,BUF,"$7,575,000",2016
Dre Kirkpatrick,CB,CIN,"$7,507,000",2016
Thomas Davis,LB,CAR,"$7,500,000",2016
David Harris,LB,NYJ,"$7,500,000",2016
Dan Williams,DT,OAK,"$7,500,000",2016
Terrell Suggs,LB-DE,BAL,"$7,450,000",2016
Mike Daniels,DT,GNB,"$7,400,000",2016
Jairus Byrd,DB,NOR,"$7,400,000",2016
Elvis Dumervil,DE,BAL,"$7,375,000",2016
Michael Floyd,WR,2TM,"$7,320,000",2016
Kendall Wright,WR,TEN,"$7,320,000",2016
Julius Thomas,TE,JAX,"$7,300,000",2016
Orlando Franklin,OL,SDG,"$7,200,000",2016
Carson Palmer,QB,ARI,"$7,150,000",2016
Muhammad Wilkerson,DT,NYJ,"$7,000,000",2016
Johnathan Joseph,DB,HOU,"$7,000,000",2016
Lamarr Houston,DT,CHI,"$6,990,000",2016
Tyrod Taylor,QB,BUF,"$6,919,573",2016
Everson Griffen,DE,MIN,"$6,900,000",2016
Eric Fisher,OT,KAN,"$6,854,636",2016
Derek Wolfe,DT,DEN,"$6,800,000",2016
Michael Mitchell,DB,PIT,"$6,763,750",2016
Alterraun Verner,DB,TAM,"$6,750,000",2016
Connor Barwin,DE,PHI,"$6,750,000",2016
Trent Williams,T,WAS,"$6,750,000",2016
Luke Joeckel,OT,JAX,"$6,745,963",2016
Eric Wood,C,BUF,"$6,725,000",2016
Jermey Parnell,T,JAX,"$6,500,000",2016
Mario Williams,DE,MIA,"$6,500,000",2016
Eric Decker,WR,NYJ,"$6,500,000",2016
Tyson Jackson,DE,ATL,"$6,350,000",2016
Danny Trevathan,OLB,CHI,"$6,350,000",2016
Derrick Morgan,DE,TEN,"$6,312,500",2016
Delanie Walker,TE,TEN,"$6,267,708",2016
Jeff Allen,T,HOU,"$6,250,000",2016
Kyle Williams,DT,BUF,"$6,250,000",2016
Cordy Glenn,T,BUF,"$6,200,000",2016
Tramon Williams,DB,CLE,"$6,200,000",2016
T.J. Lang,T,GNB,"$6,181,250",2016
Dontari Poe,DT,KAN,"$6,146,000",2016
Michael Brockers,DT,LAR,"$6,146,000",2016
Michael Johnson,DE,CIN,"$6,125,000",2016
Da'Norris Searcy,DB,TEN,"$6,125,000",2016
Donald Penn,T,OAK,"$6,100,000",2016
Aaron Williams,DB,BUF,"$6,100,000",2016
Jadeveon Clowney,DE,HOU,"$6,074,454",2016
Cliff Avril,DE,SEA,"$6,000,000",2016
Davon House,DB,JAX,"$6,000,000",2016
Gerald McCoy,DT,TAM,"$6,000,000",2016
C.J. Anderson,RB,DEN,"$6,000,000",2016
Luke Kuechly,ILB,CAR,"$6,000,000",2016
Nate Solder,T,NWE,"$6,000,000",2016
Charles Clay,TE,BUF,"$6,000,000",2016
Reggie Nelson,DB,OAK,"$6,000,000",2016
DeMarco Murray,RB,TEN,"$6,000,000",2016
Dominique Rodgers-Cromartie,DB,NYG,"$5,980,000",2016
Morgan Burnett,DB,GNB,"$5,956,250",2016
Carlos Dunlap,DE,CIN,"$5,950,000",2016
Austin Howard,T,OAK,"$5,900,000",2016
NaVorro Bowman,LB,SFO,"$5,850,000",2016
Perrish Cox,DB,TEN,"$5,833,333",2016
Bobby Massie,T,CHI,"$5,818,750",2016
Whitney Mercilus,DE,HOU,"$5,800,000",2016
D'Qwell Jackson,LB,IND,"$5,750,000",2016
T.J. Ward,DB,DEN,"$5,750,000",2016
Linval Joseph,DT,MIN,"$5,650,000",2016
Kyle Rudolph,TE,MIN,"$5,650,000",2016
Blake Bortles,QB,JAX,"$5,633,130",2016
Nick Mangold,C,NYJ,"$5,600,000",2016
Prince Amukamara,CB,JAX,"$5,593,750",2016
Marcus Mariota,QB,TEN,"$5,503,176",2016
Antonio Gates,TE,SDG,"$5,500,000",2016
Lamar Miller,RB,HOU,"$5,500,000",2016
Derek Newton,OL,HOU,"$5,500,000",2016
Vince Wilfork,NT-DT,HOU,"$5,500,000",2016
Bryan Bulaga,T,GNB,"$5,462,500",2016
Sammy Watkins,WR,BUF,"$5,436,983",2016
Joe Staley,T,SFO,"$5,400,000",2016
Andy Levitre,G,ATL,"$5,375,000",2016
Kelvin Beachum,T,JAX,"$5,375,000",2016
Dante Fowler,OLB,JAX,"$5,338,694",2016
Jamaal Charles,RB,KAN,"$5,312,500",2016
Harrison Smith,FS,MIN,"$5,278,000",2016
K.J. Wright,LB,SEA,"$5,250,000",2016
DeAndre Levy,LB,DET,"$5,250,000",2016
Allen Bailey,DL,KAN,"$5,212,500",2016
Russell Okung,T,DEN,"$5,200,000",2016
Amari Cooper,WR,OAK,"$5,150,708",2016
King Dunlap,T,SDG,"$5,143,750",2016
Casey Hayward,DB,SDG,"$5,133,333",2016
Paul Posluszny,LB,JAX,"$5,104,166",2016
Kam Chancellor,DB,SEA,"$5,100,000",2016
Greg Olsen,TE,CAR,"$5,100,000",2016
Jimmy Smith,CB,BAL,"$5,100,000",2016
Trent Cole,DE-LB,IND,"$5,093,750",2016
Khalil Mack,OLB,OAK,"$5,093,727",2016
Martellus Bennett,TE,NWE,"$5,085,000",2016
George Iloka,FS,CIN,"$5,075,000",2016
Marquette King,P,OAK,"$5,050,000",2016
Robert Griffin,QB,CLE,"$5,046,875",2016
Josh McCown,QB,CLE,"$5,041,666",2016
Robert Mathis,DE,IND,"$5,000,000",2016
Mark Barron,SS,LAR,"$5,000,000",2016
Robert Ayers,DE,TAM,"$5,000,000",2016
Marcus Gilchrist,DB,NYJ,"$5,000,000",2016
Breno Giacomini,G,NYJ,"$5,000,000",2016
Ryan Kerrigan,DE,WAS,"$5,000,000",2016
Brian Cushing,LB,HOU,"$5,000,000",2016
Josh Norman,CB,WAS,"$5,000,000",2016
Ahmad Brooks,LB,SFO,"$4,900,000",2016
Nick Perry,DE,GNB,"$4,875,000",2016
Corey Graham,DB,BUF,"$4,775,000",2016
Josh Sitton,G,CHI,"$4,750,000",2016
Clint Boling,OL,CIN,"$4,750,000",2016
Chad Henne,QB,JAX,"$4,750,000",2016
Golden Tate,WR,DET,"$4,750,000",2016
Joey Bosa,DE,SDG,"$4,704,306",2016
Sen'Derrick Marks,DT,JAX,"$4,675,000",2016
Giovani Bernard,RB,CIN,"$4,621,517",2016
Jeremy Zuttah,G,BAL,"$4,607,206",2016
Joe Barksdale,OL,SDG,"$4,550,000",2016
Mike Iupati,G,ARI,"$4,500,000",2016
Vincent Rey,LB,CIN,"$4,500,000",2016
Michael Oher,T,CAR,"$4,500,000",2016
Rodger Saffold,T,LAR,"$4,500,000",2016
Akiem Hicks,DE,CHI,"$4,500,000",2016
Devin McCourty,DB,NWE,"$4,500,000",2016
Antoine Bethea,DB,SFO,"$4,500,000",2016
Eddie Royal,WR,CHI,"$4,500,000",2016
Torrey Smith,WR,SFO,"$4,500,000",2016
Jake Matthews,OT,ATL,"$4,480,773",2016
Dustin Colquitt,P,KAN,"$4,450,000",2016
Jason Pierre-Paul,DE,NYG,"$4,250,000",2016
Kendall Langford,DE,IND,"$4,250,000",2016
Erik Walden,DE,IND,"$4,250,000",2016
DeAngelo Hall,DB,WAS,"$4,250,000",2016
Wesley Woodyard,LB,TEN,"$4,250,000",2016
Brandon Carr,DB,DAL,"$4,250,000",2016
Barry Church,DB,DAL,"$4,250,000",2016
Kyle Long,OT,CHI,"$4,250,000",2016
Jalen Ramsey,FS,JAX,"$4,245,636",2016
Tashaun Gipson,DB,JAX,"$4,206,250",2016
Captain Munnerlyn,DB,MIN,"$4,200,000",2016
Shawn Williams,SS,CIN,"$4,188,986",2016
Steve Smith,WR,BAL,"$4,166,668",2016
Rey Maualuga,LB,CIN,"$4,084,375",2016
Marcus Gilbert,OL,PIT,"$4,068,500",2016
Alex Mack,C,ATL,"$4,050,000",2016
David Amerson,CB,OAK,"$4,050,000",2016
Marshal Yanda,T,BAL,"$4,010,220",2016
Michael Bennett,DE,SEA,"$4,000,000",2016
Frank Gore,RB,IND,"$4,000,000",2016
Marcedes Lewis,TE,JAX,"$4,000,000",2016
Doug Martin,RB,TAM,"$4,000,000",2016
Glover Quin,DB,DET,"$4,000,000",2016
Brandon Graham,DE,PHI,"$4,000,000",2016
Jason Kelce,OL,PHI,"$4,000,000",2016
Jerrell Freeman,LB,CHI,"$4,000,000",2016
Jabaal Sheard,DL,NWE,"$4,000,000",2016
Patrick Robinson,DB,IND,"$4,000,000",2016
Shawn Lauvao,G,WAS,"$4,000,000",2016
Doug Free,T,DAL,"$4,000,000",2016
Donald Stephenson,T,DEN,"$4,000,000",2016
Travis Benjamin,WR,SDG,"$4,000,000",2016
Roy Miller,DT,JAX,"$3,975,000",2016
Sebastian Janikowski,K,OAK,"$3,960,000",2016
Chance Warmack,OG,TEN,"$3,871,206",2016
Tracy Porter,DB,CHI,"$3,868,750",2016
Graham Gano,P,CAR,"$3,850,000",2016
Tamba Hali,DE,KAN,"$3,802,083",2016
Kevin White,WR,CHI,"$3,764,329",2016
Brian Robison,DE,MIN,"$3,750,000",2016
Eric Weddle,DB,BAL,"$3,750,000",2016
DeSean Jackson,WR,WAS,"$3,750,000",2016
Domata Peko,DT,CIN,"$3,725,000",2016
Ronnie Stanley,OT,BAL,"$3,724,423",2016
Case Keenum,QB,LAR,"$3,635,000",2016
D.J. Fluker,OT,SDG,"$3,628,067",2016
Ron Parker,CB,KAN,"$3,600,000",2016
Dan Skuta,LB,JAX,"$3,600,000",2016
Kenny Britt,WR,LAR,"$3,600,000",2016
Letroy Guion,DT,GNB,"$3,516,666",2016
Jaye Howard,DT,KAN,"$3,500,000",2016
Derrick Johnson,LB,KAN,"$3,500,000",2016
Brandon Mebane,DT,SDG,"$3,500,000",2016
Darren Sproles,RB,PHI,"$3,500,000",2016
Brent Grimes,DB,TAM,"$3,500,000",2016
Mike Wallace,WR,BAL,"$3,500,000",2016
Justin Tucker,K,BAL,"$3,500,000",2016
Ryan Clady,T,NYJ,"$3,500,000",2016
Earl Mitchell,DT,MIA,"$3,500,000",2016
Chris Ivory,RB,JAX,"$3,468,750",2016
Brooks Reed,DL,ATL,"$3,440,000",2016
Marcus Cannon,OL,NWE,"$3,400,000",2016
Rishard Matthews,WR,TEN,"$3,333,333",2016
Vontaze Burfict,LB,CIN,"$3,322,059",2016
Vic Beasley,OLB,ATL,"$3,294,370",2016
D.J. Hayden,CB,OAK,"$3,284,813",2016
Joe Reitz,T,IND,"$3,250,000",2016
Adam Vinatieri,K,IND,"$3,250,000",2016
Darian Stewart,DB,DEN,"$3,250,000",2016
Lance Kendricks,TE,LAR,"$3,250,000",2016
Richie Incognito,G,BUF,"$3,250,000",2016
Shaun Hill,QB,MIN,"$3,200,000",2016
Demario Davis,OLB,CLE,"$3,200,000",2016
Dennis Pitta,TE,BAL,"$3,200,000",2016
Anthony Fasano,TE,TEN,"$3,187,500",2016
Matt Bryant,K,ATL,"$3,183,333",2016
Shane Vereen,RB,NYG,"$3,150,000",2016
Phil Dawson,K,SFO,"$3,134,000",2016
Arthur Moats,LB,PIT,"$3,133,333",2016
Taylor Lewan,OT,TEN,"$3,132,274",2016
Koa Misi,LB,MIA,"$3,120,500",2016
Brandon Fusco,OL,MIN,"$3,120,000",2016
Sam Koch,P,BAL,"$3,100,000",2016
Marcel Reece,TE,SEA,"$3,072,014",2016
Star Lotulelei,DT,CAR,"$3,055,977",2016
Kevin Huber,P,CIN,"$3,020,000",2016
Arthur Jones,DT,IND,"$3,011,764",2016
Jermaine Gresham,TE,ARI,"$3,000,000",2016
Darius Butler,DB,IND,"$3,000,000",2016
Tyson Alualu,DT,JAX,"$3,000,000",2016
Danny Woodhead,RB,SDG,"$3,000,000",2016
Gosder Cherilus,T,TAM,"$3,000,000",2016
Bobby Wagner,ILB,SEA,"$3,000,000",2016
Michael Griffin,DB,CAR,"$3,000,000",2016
Marvin Jones,WR,DET,"$3,000,000",2016
William Hayes,DE,LAR,"$3,000,000",2016
Nate Allen,DB,OAK,"$3,000,000",2016
Ryan Mathews,RB,PHI,"$3,000,000",2016
Justin Forsett,RB,3TM,"$3,000,000",2016
Malcolm Smith,OLB,OAK,"$3,000,000",2016
Adrian Clayborn,DL,ATL,"$3,000,000",2016
Dwayne Harris,WR,NYG,"$2,975,000",2016
Zach Miller,TE,CHI,"$2,968,750",2016
Travis Kelce,TE,KAN,"$2,948,226",2016
Ezekiel Ansah,DE,DET,"$2,940,621",2016
John Greco,T,CLE,"$2,925,000",2016
Paul Soliai,DT,CAR,"$2,906,250",2016
Virgil Green,TE,DEN,"$2,900,000",2016
John Hughes,DT,2TM,"$2,900,000",2016
Jack Conklin,OT,TEN,"$2,890,483",2016
Leonard Floyd,OLB,CHI,"$2,869,611",2016
Dennis Kelly,OT,TEN,"$2,850,000",2016
Mychal Kendricks,ILB,PHI,"$2,850,000",2016
Andy Lee,P,CAR,"$2,833,000",2016
EJ Manuel,QB,BUF,"$2,827,141",2016
Ted Ginn,WR,CAR,"$2,775,000",2016
Jarvis Jones,OLB,PIT,"$2,769,933",2016
Clinton McDonald,DT,TAM,"$2,750,000",2016
Buster Skrine,DB,NYJ,"$2,750,000",2016
Lee Smith,TE,OAK,"$2,750,000",2016
Nick Folk,K,NYJ,"$2,750,000",2016
Jared Cook,TE,GNB,"$2,750,000",2016
Chris Clark,T,HOU,"$2,750,000",2016
Harry Douglas,WR,TEN,"$2,733,333",2016
Andre Branch,DE,MIA,"$2,703,125",2016
Steven Hauschka,K,SEA,"$2,700,000",2016
Pat McAfee,K,IND,"$2,700,000",2016
Brett Kern,P,TEN,"$2,700,000",2016
Chris Baker,DT,WAS,"$2,700,000",2016
Tramaine Brock,DB,SFO,"$2,700,000",2016
Matthew Bosher,K,ATL,"$2,700,000",2016
Jonathan Babineaux,DE-DT,ATL,"$2,666,668",2016
Danny Shelton,DT,CLE,"$2,659,924",2016
Tyler Eifert,TE,CIN,"$2,626,909",2016
Akeem Dent,LB,HOU,"$2,625,000",2016
Chris Chester,G,ATL,"$2,600,000",2016
Desmond Trufant,CB,ATL,"$2,598,303",2016
Ryan Shazier,OLB,PIT,"$2,592,876",2016
Dan Carpenter,K,BUF,"$2,587,500",2016
Jacob Tamme,TE,ATL,"$2,584,375",2016
Isa Abdul-Quddus,S,MIA,"$2,583,333",2016
Ed Dickson,TE,CAR,"$2,566,666",2016
DeAngelo Williams,RB,PIT,"$2,565,000",2016
Charles Johnson,DE,CAR,"$2,562,500",2016
Gary Barnidge,TE,CLE,"$2,562,500",2016
Ryan Schraeder,T,ATL,"$2,553,000",2016
Paul Worrilow,LB,ATL,"$2,553,000",2016
Jahleel Addae,S,SDG,"$2,553,000",2016
Abry Jones,DT,JAX,"$2,553,000",2016
Bradley McDougald,FS,TAM,"$2,553,000",2016
Mike Remmers,T,CAR,"$2,553,000",2016
Kamar Aiken,WR,BAL,"$2,553,000",2016
Matt McGloin,QB,OAK,"$2,553,000",2016
Ronald Leary,G,DAL,"$2,553,000",2016
Joe Hawley,G,TAM,"$2,500,000",2016
Evan Dietrich-Smith,G,TAM,"$2,500,000",2016
Leodis McKelvin,DB,PHI,"$2,500,000",2016
Emmanuel Sanders,WR,DEN,"$2,500,000",2016
Tony Bergstrom,OT,HOU,"$2,500,000",2016
Malcolm Jenkins,DB,PHI,"$2,500,000",2016
Julian Edelman,WR,NWE,"$2,500,000",2016
Andre Smith,T,MIN,"$2,500,000",2016
Dan Bailey,K,DAL,"$2,500,000",2016
Rashad Johnson,DB,TEN,"$2,500,000",2016
William Gay,DB,PIT,"$2,483,333",2016
Jonathan Casillas,LB,NYG,"$2,475,000",2016
DeVante Parker,WR,MIA,"$2,471,942",2016
Sean Spence,LB,TEN,"$2,468,750",2016
Al Woods,DT,TEN,"$2,468,750",2016
Ryan Succop,K,TEN,"$2,466,666",2016
Datone Jones,DE,GNB,"$2,455,280",2016
Johnny Hekker,P,LAR,"$2,444,444",2016
Ladarius Green,TE,PIT,"$2,437,500",2016
Brandon LaFell,WR,CIN,"$2,437,500",2016
DeAndre Hopkins,WR,HOU,"$2,426,678",2016
Melvin Gordon,RB,SDG,"$2,424,948",2016
Ramon Foster,T,PIT,"$2,416,666",2016
Sylvester Williams,DT,DEN,"$2,412,375",2016
Victor Cruz,WR,NYG,"$2,400,000",2016
Mohamed Sanu,WR,ATL,"$2,400,000",2016
Mitchell Schwartz,T,KAN,"$2,400,000",2016
Mason Crosby,K,GNB,"$2,400,000",2016
C.J. Mosley,ILB,BAL,"$2,396,728",2016
Ben Jones,C,TEN,"$2,375,000",2016
Cole Beasley,WR,DAL,"$2,356,000",2016
Greg Robinson,OT,LAR,"$2,354,918",2016
Chad Greenway,LB,MIN,"$2,300,000",2016
Tom Johnson,DT,MIN,"$2,300,000",2016
Stephen Gostkowski,K,NWE,"$2,300,000",2016
Ja'Wuan James,OT,MIA,"$2,298,654",2016
Kevin Johnson,CB,HOU,"$2,283,957",2016
Ha Ha Clinton-Dix,FS,GNB,"$2,274,137",2016
Laremy Tunsil,OT,MIA,"$2,265,027",2016
Matt Prater,K,DET,"$2,250,000",2016
Karl Klug,DL,TEN,"$2,250,000",2016
Eugene Sims,LB,LAR,"$2,250,000",2016
Rob Gronkowski,TE,NWE,"$2,250,000",2016
Derrick Shelby,DE,ATL,"$2,250,000",2016
James Starks,RB,GNB,"$2,250,000",2016
Rashad Jennings,RB,NYG,"$2,230,000",2016
Dee Ford,DE,KAN,"$2,225,100",2016
Mike Adams,DB,IND,"$2,209,375",2016
Jamize Olawale,FB,OAK,"$2,190,000",2016
Kurt Coleman,LB,CAR,"$2,184,375",2016
Marcus Peters,CB,KAN,"$2,178,217",2016
Darqueze Dennard,CB,CIN,"$2,176,063",2016
Karl Joseph,SS,OAK,"$2,160,785",2016
Jason Verrett,CB,SDG,"$2,151,546",2016
Brad Nortman,P,JAX,"$2,150,000",2016
Cameron Erving,OT,CLE,"$2,142,969",2016
Matt Elam,SS,BAL,"$2,140,997",2016
Cedric Ogbuehi,OT,CIN,"$2,119,472",2016
Corey Coleman,WR,CLE,"$2,119,090",2016
Bud Dupree,DE,PIT,"$2,095,973",2016
Shareece Wright,DB,BAL,"$2,093,333",2016
Kelvin Benjamin,WR,CAR,"$2,090,250",2016
Shane Ray,DE,DEN,"$2,072,476",2016
Shaq Thompson,OLB,CAR,"$2,001,983",2016
Antonio Cromartie,DB,IND,"$2,000,000",2016
Anthony Sherman,RB,KAN,"$2,000,000",2016
Jeremy Lane,CB,SEA,"$2,000,000",2016
Mark Sanchez,QB,DAL,"$2,000,000",2016
Matt Cassel,QB,TEN,"$2,000,000",2016
Von Miller,LB,DEN,"$2,000,000",2016
Haloti Ngata,DT,DET,"$2,000,000",2016
Nigel Bradham,OLB,PHI,"$2,000,000",2016
Andre Holmes,WR,OAK,"$2,000,000",2016
Ryan Fitzpatrick,QB,NYJ,"$2,000,000",2016
Ricky Jean-Francois,DT,WAS,"$2,000,000",2016
Kory Lichtensteiger,C,WAS,"$2,000,000",2016
Karlos Dansby,LB,CIN,"$2,000,000",2016
Brian Hoyer,QB,CHI,"$2,000,000",2016
Breshad Perriman,WR,BAL,"$1,978,481",2016
Keanu Neal,FS,ATL,"$1,952,299",2016
Derek Anderson,QB,CAR,"$1,950,000",2016
Ryan Kelly,C,IND,"$1,900,178",2016
Jarius Wright,WR,MIN,"$1,900,000",2016
Bradley Roby,CB,DEN,"$1,896,144",2016
Kendrick Lewis,DB,BAL,"$1,866,667",2016
Phillip Dorsett,WR,IND,"$1,848,958",2016
Will Fuller,WR,HOU,"$1,848,057",2016
Dwayne Gratz,CB,2TM,"$1,845,394",2016
Dallas Thomas,OT,MIA,"$1,822,564",2016
Markus Wheaton,WR,PIT,"$1,818,844",2016
Glenn Dorsey,DT,SFO,"$1,800,000",2016
Shane Lechler,P,HOU,"$1,800,000",2016
Brandon Williams,DT,BAL,"$1,799,750",2016
Damarious Randall,FS,GNB,"$1,799,030",2016
Jelani Jenkins,OLB,MIA,"$1,789,172",2016
Dion Sims,TE,MIA,"$1,787,888",2016
Brian Schwenke,C,TEN,"$1,787,065",2016
David Bakhtiari,OT,GNB,"$1,784,850",2016
Jah Reid,OT,KAN,"$1,768,750",2016
Shaq Lawson,DE,BUF,"$1,751,904",2016
Stephen Tulloch,LB,PHI,"$1,750,000",2016
Corey Peters,DT,ARI,"$1,750,000",2016
Demar Dotson,T,TAM,"$1,750,000",2016
Brandon Myers,TE,TAM,"$1,750,000",2016
Matt Schaub,QB,ATL,"$1,750,000",2016
Allen Barbre,T,PHI,"$1,750,000",2016
Tahir Whitehead,OLB,DET,"$1,750,000",2016
Damon Harrison,DT,NYG,"$1,750,000",2016
Olivier Vernon,DE,NYG,"$1,750,000",2016
Donnie Jones,P,PHI,"$1,750,000",2016
Steve McLendon,DT,NYJ,"$1,750,000",2016
Jerraud Powers,DB,BAL,"$1,750,000",2016
Jared Crick,DT,DEN,"$1,750,000",2016
Blaine Gabbert,QB,SFO,"$1,750,000",2016
Levine Toilolo,TE,ATL,"$1,746,146",2016
Artie Burns,CB,PIT,"$1,743,814",2016
Jonathan Cyprien,SS,JAX,"$1,740,170",2016
Paxton Lynch,QB,DEN,"$1,722,963",2016
Micah Hyde,CB,GNB,"$1,715,527",2016
Ricky Wagner,OT,BAL,"$1,707,140",2016
Kenny Clark,DT,GNB,"$1,702,117",2016
C.J. Spiller,RB,2TM,"$1,700,000",2016
Britton Colquitt,P,CLE,"$1,700,000",2016
Brice McCain,DB,TEN,"$1,700,000",2016
Dwight Lowery,DB,SDG,"$1,700,000",2016
Dannell Ellerbe,LB,NOR,"$1,700,000",2016
Mychal Rivera,TE,OAK,"$1,697,213",2016
Kenny Vaccaro,FS,NOR,"$1,690,188",2016
Marquess Wilson,WR,CHI,"$1,682,787",2016
Willie Young,DE,CHI,"$1,682,787",2016
Kemal Ishmael,DB,ATL,"$1,682,474",2016
Sheldon Richardson,DT,NYJ,"$1,671,530",2016
Andre Ellington,RB,ARI,"$1,671,000",2016
John Jenkins,DT,2TM,"$1,671,000",2016
Kenny Stills,WR,MIA,"$1,671,000",2016
Tim Lelito,G,NOR,"$1,671,000",2016
Tony Jefferson,FS,ARI,"$1,671,000",2016
Patrick Lewis,C,BUF,"$1,671,000",2016
Alex Okafor,DE,ARI,"$1,671,000",2016
Larry Donnell,TE,NYG,"$1,671,000",2016
D.J. Swearinger,FS,ARI,"$1,671,000",2016
Jack Doyle,TE,IND,"$1,671,000",2016
William Gholston,DE,TAM,"$1,671,000",2016
Luke Willson,TE,SEA,"$1,671,000",2016
Sio Moore,OLB,3TM,"$1,671,000",2016
Russell Shepard,WR,TAM,"$1,671,000",2016
Akeem Spence,DT,TAM,"$1,671,000",2016
Zach Line,FB,MIN,"$1,671,000",2016
Benny Cunningham,RB,LAR,"$1,671,000",2016
T.J. McDonald,FS,LAR,"$1,671,000",2016
Brian Winters,OG,NYJ,"$1,671,000",2016
Corbin Bryant,DE,BUF,"$1,671,000",2016
Jordan Mills,OT,BUF,"$1,671,000",2016
A.J. Bouye,CB,HOU,"$1,671,000",2016
Don Jones,SS,2TM,"$1,671,000",2016
Gerald Hodges,OLB,SFO,"$1,671,000",2016
Austin Pasztor,OL,CLE,"$1,671,000",2016
Terrelle Pryor,QB,CLE,"$1,671,000",2016
Michael Wilhoite,LB,SFO,"$1,671,000",2016
John Simon,DE,HOU,"$1,671,000",2016
Jaron Brown,WR,ARI,"$1,671,000",2016
Darrell Stuckey,S,SDG,"$1,668,750",2016
Duron Harmon,FS,NWE,"$1,665,000",2016
Ryan Harris,T,PIT,"$1,662,500",2016
Bennie Logan,DT,PHI,"$1,661,000",2016
Logan Ryan,CB,NWE,"$1,661,000",2016
J.J. Wilcox,S,DAL,"$1,661,000",2016
Terrance Williams,WR,DAL,"$1,661,000",2016
Nickell Robey-Coleman,CB,BUF,"$1,658,333",2016
Nick Foles,QB,KAN,"$1,656,250",2016
Terence Newman,DB,MIN,"$1,650,000",2016
Larry Warford,OG,DET,"$1,646,000",2016
Manti Te'o,ILB,SDG,"$1,645,770",2016
Mario Addison,DE,CAR,"$1,620,000",2016
Ted Larsen,C,CHI,"$1,612,500",2016
Luke Stocker,TE,TAM,"$1,600,000",2016
Alex Boone,T,MIN,"$1,600,000",2016
Anthony Barr,OLB,MIN,"$1,578,500",2016
Eric Reid,FS,SFO,"$1,561,464",2016
Mike Nugent,K,CIN,"$1,550,000",2016
Anquan Boldin,WR,DET,"$1,550,000",2016
Robert Woods,WR,BUF,"$1,548,518",2016
Vernon Butler,DT,CAR,"$1,526,639",2016
Menelik Watson,OT,OAK,"$1,525,635",2016
Mike Glennon,QB,TAM,"$1,517,719",2016
Xavier Su'a-Filo,OG,HOU,"$1,514,073",2016
Jason Jones,DT,MIA,"$1,502,188",2016
James Harrison,LB,PIT,"$1,500,000",2016
J.T. Thomas,LB,NYG,"$1,500,000",2016
Chris Conte,DB,TAM,"$1,500,000",2016
Cory Harkey,TE,LAR,"$1,500,000",2016
Jarvis Jenkins,DL,2TM,"$1,500,000",2016
Chris Maragos,DB,PHI,"$1,500,000",2016
Josh Robinson,CB,TAM,"$1,500,000",2016
Ryan Mallett,QB,BAL,"$1,500,000",2016
Antwon Blake,CB,TEN,"$1,500,000",2016
Percy Harvin,WR,BUF,"$1,500,000",2016
Scott Tolzien,QB,IND,"$1,500,000",2016
Reggie Bush,RB,BUF,"$1,500,000",2016
Joel Bitonio,OT,CLE,"$1,489,554",2016
Mike Tolbert,RB,CAR,"$1,475,000",2016
Kawann Short,DT,CAR,"$1,473,192",2016
Quintin Demps,DB,HOU,"$1,470,000",2016
Dashon Goldson,DB,ATL,"$1,468,750",2016
Sean Weatherspoon,LB,ATL,"$1,468,750",2016
Derek Carr,QB,OAK,"$1,465,037",2016
Ra'Shede Hageman,DT,ATL,"$1,455,230",2016
Marshall Newhouse,"G,T",NYG,"$1,450,000",2016
Emmanuel Lamur,LB,MIN,"$1,450,000",2016
Marcus Sherels,DB,MIN,"$1,450,000",2016
Lane Taylor,G,GNB,"$1,450,000",2016
Jermon Bushrod,T,MIA,"$1,437,500",2016
Marqise Lee,WR,JAX,"$1,411,097",2016
Janoris Jenkins,CB,NYG,"$1,400,000",2016
Patrick Chung,DB,NWE,"$1,400,000",2016
Kendall Reyes,DT,2TM,"$1,400,000",2016
Courtney Upshaw,OLB,ATL,"$1,400,000",2016
Sherrick McManis,DB,CHI,"$1,400,000",2016
Matt Moore,QB,MIA,"$1,400,000",2016
Mario Edwards,DE,OAK,"$1,367,537",2016
Odell Beckham,WR,NYG,"$1,366,018",2016
Cody Wallace,C,PIT,"$1,350,000",2016
Daryl Smith,LB,TAM,"$1,350,000",2016
Vernon Davis,TE,WAS,"$1,350,000",2016
T.J. Yeldon,RB,JAX,"$1,344,040",2016
Aaron Donald,DT,LAR,"$1,341,500",2016
Arian Foster,RB,MIA,"$1,338,750",2016
Alvin Bailey,OG,CLE,"$1,333,333",2016
Cyrus Kouandjio,OT,BUF,"$1,311,497",2016
Andrew Gachkar,OLB,DAL,"$1,300,000",2016
Fletcher Cox,DT,PHI,"$1,299,000",2016
Eddie Goldman,DT,CHI,"$1,292,344",2016
Stephon Tuitt,DT,PIT,"$1,257,122",2016
Devin Funchess,WR,CAR,"$1,254,747",2016
Jared Veldheer,T,ARI,"$1,250,000",2016
John Jerry,G,NYG,"$1,250,000",2016
Tyvon Branch,DB,ARI,"$1,250,000",2016
Tim Barnes,C,LAR,"$1,250,000",2016
Danny Amendola,WR,NWE,"$1,250,000",2016
Brian Quick,WR,LAR,"$1,250,000",2016
Lawrence Guy,DT,BAL,"$1,250,000",2016
Chris Long,DE,NWE,"$1,250,000",2016
Niles Paul,WR,WAS,"$1,250,000",2016
Jordan Reed,TE,WAS,"$1,250,000",2016
Morris Claiborne,CB,DAL,"$1,250,000",2016
Tyrone Crawford,DE,DAL,"$1,250,000",2016
Zach Brown,OLB,BUF,"$1,250,000",2016
Darren McFadden,RB,DAL,"$1,250,000",2016
J'Marcus Webb,T,SEA,"$1,250,000",2016
Zack Martin,OT,DAL,"$1,235,255",2016
Eric Ebron,TE,DET,"$1,233,558",2016
Pat Sims,DT,CIN,"$1,225,000",2016
Anthony Davis,T,SFO,"$1,225,000",2016
Benardrick McKinney,ILB,HOU,"$1,214,801",2016
Cedric Peerman,RB,CIN,"$1,210,000",2016
Emmanuel Ogbah,DE,CLE,"$1,201,753",2016
Stephen Paea,DT,CLE,"$1,200,000",2016
Alan Branch,DT,NWE,"$1,200,000",2016
Anthony Levine,S,BAL,"$1,200,000",2016
Matt Slauson,G,SDG,"$1,200,000",2016
Chris Jones,P,DAL,"$1,200,000",2016
Calvin Pryor,FS,NYJ,"$1,198,478",2016
Le'Veon Bell,RB,PIT,"$1,197,347",2016
Timmy Jernigan,DT,BAL,"$1,195,337",2016
Vince Williams,ILB,PIT,"$1,194,670",2016
Kevin Dodd,DE,TEN,"$1,191,328",2016
Brandin Cooks,WR,NOR,"$1,182,132",2016
Jon Condo,LB,OAK,"$1,177,500",2016
Robert Golden,S,PIT,"$1,176,666",2016
Margus Hunt,DE,CIN,"$1,168,077",2016
Hunter Henry,TE,SDG,"$1,160,055",2016
Justin Pugh,OG,NYG,"$1,157,307",2016
Josh Brown,K,NYG,"$1,152,941",2016
Blair Walsh,K,MIN,"$1,150,000",2016
Keenan Robinson,OLB,NYG,"$1,150,000",2016
Taiwan Jones,RB,OAK,"$1,150,000",2016
Eric Weems,WR,ATL,"$1,147,500",2016
Rob Ninkovich,DE,NWE,"$1,147,058",2016
Justin Hunter,WR,2TM,"$1,144,656",2016
Zach Ertz,TE,PHI,"$1,138,527",2016
Darrius Heyward-Bey,WR,PIT,"$1,133,333",2016
Chris Jones,DT,KAN,"$1,132,950",2016
Marcus Smith,DE,PHI,"$1,129,008",2016
Kraig Urbik,G,MIA,"$1,125,000",2016
Deone Bucannon,SS,ARI,"$1,120,837",2016
Xavien Howard,CB,MIA,"$1,114,189",2016
Tavon Austin,WR,LAR,"$1,111,111",2016
Mitch Unrein,DT,CHI,"$1,110,000",2016
Will Beatty,T,NYG,"$1,100,000",2016
Devin Hester,WR-PR,2TM,"$1,100,000",2016
Chris Hairston,OL,SDG,"$1,100,000",2016
Johnson Bademosi,DB,DET,"$1,100,000",2016
Akeem Ayers,LB,IND,"$1,100,000",2016
Albert McClellan,DE,BAL,"$1,100,000",2016
Tank Carder,ILB,CLE,"$1,100,000",2016
John Denney,DE-C,MIA,"$1,095,000",2016
Eric Winston,T,CIN,"$1,090,000",2016
Ereck Flowers,OT,NYG,"$1,089,169",2016
Denzel Perryman,ILB,SDG,"$1,085,562",2016
Robert Alford,CB,ATL,"$1,082,263",2016
Eddie Lacy,RB,GNB,"$1,079,404",2016
Davante Adams,WR,GNB,"$1,072,746",2016
Beau Brinkley,"LS,TE",TEN,"$1,068,000",2016
Frank Zombo,LB,KAN,"$1,066,666",2016
Jimmie Ward,SS,SFO,"$1,066,594",2016
Todd Gurley,RB,LAR,"$1,063,326",2016
Mitch Morse,OT,KAN,"$1,062,062",2016
Garrison Sanborn,C,BUF,"$1,057,500",2016
Zane Beadles,T,SFO,"$1,050,000",2016
L.P. Ladouceur,DE,DAL,"$1,050,000",2016
Kamalei Correa,OLB,BAL,"$1,045,388",2016
Ronald Darby,CB,BUF,"$1,038,566",2016
Eddie Pleasant,SS,HOU,"$1,036,000",2016
Tank Carradine,DE,SFO,"$1,029,684",2016
Austin Johnson,DT,TEN,"$1,029,496",2016
J.J. Jansen,C,CAR,"$1,025,000",2016
Jeremy Hill,RB,CIN,"$1,023,710",2016
Trae Waynes,CB,MIN,"$1,023,381",2016
Alec Ogletree,OLB,LAR,"$1,019,322",2016
Nate Orchard,OLB,CLE,"$1,015,069",2016
Cody Latimer,WR,DEN,"$1,011,450",2016
Teddy Williams,WR,CAR,"$1,010,000",2016
Cordarrelle Patterson,WR,MIN,"$1,009,689",2016
Jihad Ward,DE,OAK,"$1,007,236",2016
Evan Mathis,G,ARI,"$1,006,900",2016
Kevin Minter,ILB,ARI,"$1,003,667",2016
Zach Strief,G,NOR,"$1,000,000",2016
Tyrann Mathieu,CB,ARI,"$1,000,000",2016
Frostee Rucker,DE,ARI,"$1,000,000",2016
Drew Stanton,QB,ARI,"$1,000,000",2016
Mark Herzlich,LB,NYG,"$1,000,000",2016
Doug Baldwin,WR,SEA,"$1,000,000",2016
Ahtyba Rubin,NT,SEA,"$1,000,000",2016
Jon Ryan,P,SEA,"$1,000,000",2016
Matt Forte,RB,NYJ,"$1,000,000",2016
Darius Slay,CB,DET,"$1,000,000",2016
Ryan Allen,P,NWE,"$1,000,000",2016
Brent Celek,TE,PHI,"$1,000,000",2016
Brandon Brooks,G,PHI,"$1,000,000",2016
Vinny Curry,DE,PHI,"$1,000,000",2016
Chase Daniel,QB,PHI,"$1,000,000",2016
Rodney McLeod,S,PHI,"$1,000,000",2016
Cedric Thornton,DT,DAL,"$1,000,000",2016
Chris Hogan,WR,NWE,"$1,000,000",2016
Stefan Charles,DT,DET,"$1,000,000",2016
Jahri Evans,T,NOR,"$1,000,000",2016
Rafael Bush,S,DET,"$1,000,000",2016
Matt McCants,T,2TM,"$1,000,000",2016
Chris Carter,DL,2TM,"$1,000,000",2016
Coty Sensabaugh,CB,2TM,"$1,000,000",2016
Matt Slater,WR,NWE,"$1,000,000",2016
Bryan Anger,P,TAM,"$1,000,000",2016
Nick Sundberg,C,WAS,"$1,000,000",2016
Garrett Celek,TE,SFO,"$1,000,000",2016
Andrew Hawkins,WR,CLE,"$1,000,000",2016
Sean Lee,LB,DAL,"$1,000,000",2016
Terrell McClain,DL,DAL,"$1,000,000",2016
Shea McClellin,DE,NWE,"$1,000,000",2016
Orlando Scandrick,DB,DAL,"$1,000,000",2016
Tyron Smith,OT,DAL,"$1,000,000",2016
Kyle Wilber,OLB,DAL,"$1,000,000",2016
Jason Witten,TE,DAL,"$1,000,000",2016
Drew Brees,QB,NOR,"$1,000,000",2016
Justin Bethel,CB,ARI,"$1,000,000",2016
Dwight Freeney,DE,ATL,"$1,000,000",2016
Jordan Phillips,DT,MIA,"$991,570",2016
Kiko Alonso,ILB,MIA,"$991,418",2016
John Kuhn,FB,NOR,"$985,000",2016
Tony McDaniel,DT,SEA,"$985,000",2016
Joe Berger,T,MIN,"$985,000",2016
Don Muhlbach,C,DET,"$985,000",2016
Jon Dorenbos,C,PHI,"$985,000",2016
Kedric Golston,DT,WAS,"$985,000",2016
Donte Whitner,DB,WAS,"$985,000",2016
Roman Harper,DB,NOR,"$985,000",2016
Robbie Gould,K,NYG,"$985,000",2016
Darryl Tapp,DE,NOR,"$985,000",2016
Andre Johnson,WR,TEN,"$985,000",2016
Derrick Henry,RB,TEN,"$983,259",2016
Xavier Rhodes,CB,MIN,"$979,523",2016
Gavin Escobar,TE,DAL,"$979,158",2016
Ryan Hewitt,FB,CIN,"$978,334",2016
Senio Kelemete,T,NOR,"$977,500",2016
Jack Mewhort,OT,IND,"$974,673",2016
Jake Fisher,OT,CIN,"$968,073",2016
Kony Ealy,DE,CAR,"$967,317",2016
Spencer Ware,RB,KAN,"$958,333",2016
Charcandrick West,RB,KAN,"$958,333",2016
Allen Robinson,WR,JAX,"$957,510",2016
Johnathan Hankins,DT,NYG,"$954,639",2016
Andrus Peat,OT,NOR,"$952,887",2016
Demetrius Harris,TE,KAN,"$950,000",2016
Clark Harris,TE,CIN,"$950,000",2016
Andrew Sendejo,DB,MIN,"$950,000",2016
Gino Gradkowski,G,CAR,"$950,000",2016
Josh Kline,OL,TEN,"$950,000",2016
Jarvis Landry,WR,MIA,"$947,703",2016
Sharrif Floyd,DT,MIN,"$941,300",2016
Morgan Cox,C,BAL,"$940,000",2016
Cullen Jenkins,DT,WAS,"$927,058",2016
Mason Foster,LB,WAS,"$925,000",2016
Maxx Williams,TE,BAL,"$921,077",2016
Jamie Collins,OLB,2TM,"$917,864",2016
Jason Spriggs,OT,GNB,"$909,871",2016
Thomas Morstead,P,NOR,"$900,000",2016
Paul Kruger,DE,NOR,"$900,000",2016
Josh Bynes,LB,DET,"$900,000",2016
Bryan Braman,LB,PHI,"$900,000",2016
Will Blackmon,DB,WAS,"$900,000",2016
James Laurinaitis,LB,NOR,"$900,000",2016
Clay Harbor,TE,2TM,"$900,000",2016
Jeff Heath,S,DAL,"$900,000",2016
David Bruton,DB,WAS,"$900,000",2016
Jonathan Grimes,RB,HOU,"$900,000",2016
Daniel Kilgore,OL,SFO,"$900,000",2016
Mike Windt,C,SDG,"$897,500",2016
Patrick DiMarco,FB,ATL,"$897,500",2016
Arthur Brown,OLB,2TM,"$889,668",2016
Chris Johnson,RB,ARI,"$885,000",2016
Wallace Gilberry,DE,2TM,"$885,000",2016
Colin Jones,DB,CAR,"$885,000",2016
Erin Henderson,LB,NYJ,"$885,000",2016
Kellen Davis,TE,NYJ,"$885,000",2016
Matthew Mulligan,TE,DET,"$885,000",2016
Evander Hood,DT,WAS,"$885,000",2016
James Ihedigbo,DB,BUF,"$885,000",2016
Justin Durant,LB,DAL,"$885,000",2016
Leon Hall,DB,NYG,"$885,000",2016
Arik Armstead,DE,SFO,"$882,392",2016
Jordan Norwood,WR,DEN,"$880,000",2016
Lamarcus Joyner,CB,LAR,"$877,289",2016
Jon Weeks,C,HOU,"$875,000",2016
Ty Sambrailo,OT,DEN,"$874,081",2016
Jordan Matthews,WR,PHI,"$869,934",2016
Charlie Whitehurst,QB,CLE,"$869,117",2016
Weston Richburg,C,NYG,"$863,396",2016
Nelson Agholor,WR,PHI,"$861,244",2016
Billy Turner,OT,2TM,"$861,000",2016
C.J. Fiedorowicz,TE,HOU,"$860,826",2016
Joe Webb,WR,CAR,"$860,000",2016
Jack Crawford,DE,DAL,"$860,000",2016
Josh Harris,LS,ATL,"$860,000",2016
Marquise Goodwin,WR,BUF,"$859,719",2016
Quinten Rollins,CB,GNB,"$850,583",2016
Max Unger,C,NOR,"$850,000",2016
Greg Zuerlein,K,LAR,"$850,000",2016
Daren Bates,LB,OAK,"$850,000",2016
Bilal Powell,RB,NYJ,"$850,000",2016
Johnthan Banks,CB,3TM,"$849,498",2016
Paul Richardson,WR,SEA,"$848,440",2016
D.J. Humphries,OT,ARI,"$840,096",2016
Jerome Felton,RB,BUF,"$832,941",2016
Trent Murphy,DE,WAS,"$826,618",2016
Knile Davis,RB,2TM,"$826,504",2016
Deion Jones,OLB,ATL,"$826,479",2016
Byron Jones,CB,DAL,"$825,998",2016
Zak DeOssie,LB,NYG,"$825,000",2016
Nate Ebner,DB,NWE,"$825,000",2016
Brynden Trawick,S,OAK,"$825,000",2016
Laken Tomlinson,OG,DET,"$823,648",2016
Austin Seferian-Jenkins,TE,2TM,"$822,721",2016
Kayvon Webster,CB,DEN,"$821,950",2016
Christian Kirksey,OLB,CLE,"$815,625",2016
Antonio Smith,DE,HOU,"$811,176",2016
Jace Amaro,TE,TEN,"$810,272",2016
Robert McClain,DB,2TM,"$810,000",2016
Jermaine Kearse,WR,SEA,"$800,000",2016
Mike Morgan,LB,SEA,"$800,000",2016
Matt Overton,LS,IND,"$800,000",2016
Tavon Wilson,FS,DET,"$800,000",2016
Theo Riddick,RB,DET,"$800,000",2016
Ron Brooks,CB,PHI,"$800,000",2016
Tyrunn Walker,DL,DET,"$800,000",2016
Coby Fleener,TE,NOR,"$800,000",2016
Cecil Shorts,WR,TAM,"$800,000",2016
Bradley Sowell,T,SEA,"$800,000",2016
Tanner Purdum,C,NYJ,"$800,000",2016
Dion Lewis,RB,NWE,"$800,000",2016
Derek Carrier,WR,WAS,"$800,000",2016
Alfred Morris,RB,DAL,"$800,000",2016
Lance Dunbar,RB,DAL,"$800,000",2016
Tony Jerod-Eddie,DT,SFO,"$800,000",2016
Vance McDonald,TE,SFO,"$795,797",2016
Kyle Nelson,TE,SFO,"$795,000",2016
Preston Brown,ILB,BUF,"$793,750",2016
Duke Williams,SS,2TM,"$792,563",2016
D'Joun Smith,CB,TEN,"$792,211",2016
Shamarko Thomas,SS,PIT,"$788,288",2016
Justin Gilbert,CB,PIT,"$786,682",2016
Stephone Anthony,ILB,NOR,"$786,442",2016
Troy Niklas,TE,ARI,"$785,755",2016
A.J. Cann,OG,JAX,"$785,399",2016
Bryan Walters,WR,JAX,"$785,000",2016
Landry Jones,QB,PIT,"$784,805",2016
Clive Walford,TE,OAK,"$781,126",2016
Malcom Brown,DT,NWE,"$781,056",2016
J.C. Tretter,OG,GNB,"$778,977",2016
Jake McQuaide,LS,LAR,"$775,000",2016
Chase Reynolds,RB,LAR,"$775,000",2016
Joe Looney,G,DAL,"$775,000",2016
Tyler Boyd,WR,CIN,"$774,358",2016
Cody Whitehair,OG,CHI,"$768,103",2016
Mark Ingram,RB,NOR,"$765,000",2016
Cameron Jordan,DE,NOR,"$765,000",2016
Craig Robertson,LB,NOR,"$765,000",2016
Nick Fairley,DT,NOR,"$765,000",2016
Tom Brady,QB,NWE,"$764,705",2016
Jaelen Strong,WR,HOU,"$762,995",2016
Gabe Jackson,OG,OAK,"$762,844",2016
Will Sutton,DT,CHI,"$761,517",2016
Randy Bullock,K,3TM,"$760,000",2016
Jeremy Kerley,WR,SFO,"$760,000",2016
Rod Streater,WR,SFO,"$760,000",2016
A.Q. Shipley,C,ARI,"$760,000",2016
Logan Paulsen,TE,CHI,"$760,000",2016
Winston Guy,DB,IND,"$760,000",2016
DeShawn Shead,DB,SEA,"$760,000",2016
Will Tukuafu,DT,SEA,"$760,000",2016
Matt Asiata,FB,MIN,"$760,000",2016
Audie Cole,ILB,MIN,"$760,000",2016
Rhett Ellison,FB,MIN,"$760,000",2016
Keith Tandy,CB,TAM,"$760,000",2016
Don Carey,DB,DET,"$760,000",2016
Justin Trattou,DE,MIN,"$760,000",2016
Nolan Carroll,DB,PHI,"$760,000",2016
LeGarrette Blount,RB,NWE,"$760,000",2016
Brandon Bolden,RB,NWE,"$760,000",2016
Sterling Moore,CB,NOR,"$760,000",2016
Donald Butler,LB,MIA,"$760,000",2016
Ben Ijalana,OL,NYJ,"$760,000",2016
James Carpenter,OL,NYJ,"$760,000",2016
Vlad Ducasse,G,BAL,"$760,000",2016
Nick Bellore,LB,SFO,"$760,000",2016
Bruce Carter,LB,NYJ,"$760,000",2016
Cam Thomas,DT,LAR,"$760,000",2016
Stefen Wisniewski,OL,PHI,"$760,000",2016
Andre Roberts,WR,DET,"$760,000",2016
Cliff Matthews,DL,ATL,"$760,000",2016
Shaun Draughn,RB,SFO,"$760,000",2016
Bobby Rainey,RB,NYG,"$760,000",2016
Kelvin Sheppard,LB,NYG,"$760,000",2016
DuJuan Harris,RB,SFO,"$760,000",2016
Greg Toler,DB,WAS,"$760,000",2016
Sergio Brown,DB,BUF,"$760,000",2016
Kai Forbath,K,MIN,"$760,000",2016
Leonard Johnson,CB,CAR,"$760,000",2016
Asa Jackson,CB,DET,"$760,000",2016
Sealver Siliga,DT,2TM,"$760,000",2016
Travaris Cadet,RB,NOR,"$760,000",2016
Justin Drescher,C,NOR,"$760,000",2016
Tim Hightower,RB,NOR,"$760,000",2016
Kyle Van Noy,OLB,2TM,"$758,828",2016
T.J. Green,FS,IND,"$757,679",2016
Will Clarke,DE,CIN,"$756,345",2016
Phillip Gaines,CB,KAN,"$755,778",2016
Tevin Coleman,RB,ATL,"$753,811",2016
Trai Turner,OG,CAR,"$753,620",2016
A.J. Hawk,LB,ATL,"$753,235",2016
Donte Moncrief,WR,IND,"$750,880",2016
Kyle Juszczyk,FB,BAL,"$750,146",2016
Josh Hill,TE,NOR,"$750,000",2016
Cody Davis,S,LAR,"$750,000",2016
Brandon Linder,OG,JAX,"$745,400",2016
Sean Davis,FS,PIT,"$743,085",2016
Michael Schofield,OT,DEN,"$742,300",2016
Jonathan Freeny,DE,NWE,"$740,000",2016
Richard Rodgers,TE,GNB,"$739,004",2016
Chris Conley,WR,KAN,"$738,108",2016
Justin Britt,OT,SEA,"$734,267",2016
Duke Johnson,RB,CLE,"$732,523",2016
John Sullivan,C,WAS,"$728,823",2016
Denard Robinson,WR,JAX,"$728,403",2016
Crockett Gillmore,TE,BAL,"$726,504",2016
John Miller,OG,BUF,"$725,030",2016
Fozzy Whittaker,RB,CAR,"$725,000",2016
A.J. Klein,ILB,CAR,"$722,825",2016
Devonta Freeman,RB,ATL,"$721,106",2016
James Bradberry,CB,CAR,"$720,152",2016
Justin Ellis,DT,OAK,"$718,172",2016
Adam Gotsis,DT,DEN,"$715,982",2016
Jacquizz Rodgers,RB,TAM,"$715,294",2016
Russell Bodine,OG,CIN,"$714,114",2016
DaQuan Jones,DT,TEN,"$713,850",2016
De'Anthony Thomas,RB,KAN,"$713,527",2016
Landon Collins,SS,NYG,"$713,208",2016
Tyler Kroft,TE,CIN,"$712,444",2016
Keith McGill,CB,OAK,"$711,300",2016
Donovan Smith,OT,TAM,"$710,857",2016
Ka'Deem Carey,RB,CHI,"$710,845",2016
Craig Mager,CB,SDG,"$708,144",2016
Demarcus Lawrence,DE,DAL,"$703,992",2016
Walt Aikens,CB,MIA,"$703,977",2016
Tourek Williams,DE,SDG,"$702,515",2016
Devin Smith,WR,NYJ,"$701,929",2016
Latavius Murray,RB,OAK,"$701,550",2016
Tre Boston,FS,CAR,"$701,367",2016
Cornelius Washington,DE,CHI,"$700,947",2016
Don Barclay,G,GNB,"$700,000",2016
LaAdrian Waddle,T,NWE,"$700,000",2016
Benson Mayowa,DE,DAL,"$700,000",2016
Drew Butler,P,ARI,"$700,000",2016
Preston Smith,DE,WAS,"$697,698",2016
Jeff Heuerman,TE,DEN,"$695,201",2016
Stacy McGee,DT,OAK,"$694,670",2016
Ryan Griffin,TE,HOU,"$694,670",2016
Ty Montgomery,WR,GNB,"$693,386",2016
Henry Anderson,DE,IND,"$692,919",2016
Travis Frederick,C,DAL,"$691,882",2016
Dorial Green-Beckham,WR,PHI,"$689,709",2016
Jimmy Garoppolo,QB,NWE,"$686,718",2016
Daimion Stafford,FS,TEN,"$686,474",2016
Corey Lemonier,OLB,2TM,"$685,000",2016
Steven Nelson,CB,KAN,"$682,988",2016
Sammie Coates,WR,PIT,"$682,878",2016
Will Davis,CB,BAL,"$682,500",2016
Xavier Cooper,DT,CLE,"$680,071",2016
Spencer Paysinger,LB,MIA,"$680,000",2016
Philip Wheeler,LB,ATL,"$680,000",2016
Kellen Clemens,QB,SDG,"$680,000",2016
Greg Warren,C,PIT,"$680,000",2016
Brandon Marshall,OLB,DEN,"$680,000",2016
Jim Dray,TE,2TM,"$680,000",2016
Sam Acho,OLB,CHI,"$680,000",2016
Morgan Moses,OT,WAS,"$680,000",2016
Corey White,SS,BUF,"$680,000",2016
Chris Prosinski,DB,CHI,"$680,000",2016
Colt Anderson,DB,BUF,"$680,000",2016
Deonte Thompson,WR,CHI,"$680,000",2016
Robert Blanton,CB,BUF,"$680,000",2016
Terron Armstead,OT,NOR,"$680,000",2016
Nick Novak,K,HOU,"$680,000",2016
Chris Lewis-Harris,CB,2TM,"$675,500",2016
Lorenzo Taliaferro,RB,BAL,"$675,146",2016
Brent Urban,DE,BAL,"$675,146",2016
Tom Savage,QB,HOU,"$675,146",2016
Michael Mauti,OLB,NOR,"$675,000",2016
Michael Thomas,S,MIA,"$675,000",2016
Barkevious Mingo,OLB,NWE,"$675,000",2016
Lerentee McCray,LB,BUF,"$675,000",2016
Marcus Cooper,CB,ARI,"$675,000",2016
Dezman Moses,LB,KAN,"$675,000",2016
Adam Gettis,G,NYG,"$675,000",2016
Eric Kush,C,CHI,"$675,000",2016
Stepfan Taylor,RB,ARI,"$675,000",2016
Montori Hughes,DT,NYG,"$675,000",2016
Earl Watford,OG,ARI,"$675,000",2016
Sam Barrington,ILB,2TM,"$675,000",2016
Lavar Edwards,DE,2TM,"$675,000",2016
Trevin Wade,CB,NYG,"$675,000",2016
Kelcie McCray,S,SEA,"$675,000",2016
Christine Michael,RB,2TM,"$675,000",2016
Darryl Morris,CB,IND,"$675,000",2016
Tharold Simon,CB,ARI,"$675,000",2016
Rex Burkhead,RB,CIN,"$675,000",2016
Josh McNary,LB,IND,"$675,000",2016
Mike James,RB,TAM,"$675,000",2016
Carson Tinker,LS,JAX,"$675,000",2016
Wes Horton,DE,CAR,"$675,000",2016
Jeff Locke,P,MIN,"$675,000",2016
Kevin McDermott,LS,MIN,"$675,000",2016
Sam Martin,P,DET,"$675,000",2016
Devin Taylor,DE,DET,"$675,000",2016
Najee Goode,ILB,PHI,"$675,000",2016
Lane Johnson,OT,PHI,"$675,000",2016
David Bass,DE,TEN,"$675,000",2016
James Develin,RB,NWE,"$675,000",2016
Rashaan Melvin,CB,IND,"$675,000",2016
Geno Smith,QB,NYJ,"$675,000",2016
Neiko Thorpe,DB,SEA,"$675,000",2016
Caleb Sturgis,K,PHI,"$675,000",2016
Matt Tobin,T,PHI,"$675,000",2016
Ryan Davis,DE,DAL,"$675,000",2016
Chris Banjo,S,2TM,"$675,000",2016
Jonathan Cooper,OG,CLE,"$675,000",2016
Aldrick Robinson,WR,ATL,"$675,000",2016
Josh Martin,LB,NYJ,"$675,000",2016
LaRoy Reynolds,LB,ATL,"$675,000",2016
Nathan Stupar,OLB,NOR,"$675,000",2016
Terence Garvin,LB,WAS,"$675,000",2016
Antonio Allen,SS,NYJ,"$675,000",2016
Duke Ihenacho,S,WAS,"$675,000",2016
Brice Butler,WR,DAL,"$675,000",2016
Patrick Omameh,G,JAX,"$675,000",2016
MarQueis Gray,TE,MIA,"$675,000",2016
Ray-Ray Armstrong,LB,SFO,"$675,000",2016
Isaiah Pead,RB,MIA,"$675,000",2016
Devon Still,DT,HOU,"$675,000",2016
Chris Thompson,RB,WAS,"$675,000",2016
Oday Aboushi,OT,HOU,"$675,000",2016
Quinton Dial,DE,SFO,"$675,000",2016
Nate Palmer,LB,TEN,"$675,000",2016
Bacarri Rambo,FS,MIA,"$675,000",2016
Greg Scruggs,DE,CHI,"$675,000",2016
Taylor Boggs,C,ARI,"$675,000",2016
Damontre Moore,DE,SEA,"$675,000",2016
Chris Jones,DT,2TM,"$675,000",2016
Jordan Poyer,CB,CLE,"$675,000",2016
Leon McFadden,CB,DAL,"$675,000",2016
Julian Stanford,LB,NYJ,"$675,000",2016
Quinton Patton,WR,SFO,"$675,000",2016
Brandon Williams,TE,SEA,"$675,000",2016
Jordan Hill,DT,JAX,"$675,000",2016
Carl Nassib,DE,CLE,"$672,438",2016
Tony Hills,T,NOR,"$670,588",2016
Dexter McCluster,WR,SDG,"$670,588",2016
Ronnie Hillman,RB,2TM,"$670,588",2016
Eric Kendricks,ILB,MIN,"$669,360",2016
Angelo Blackson,DT,TEN,"$667,903",2016
Daryl Williams,OT,CAR,"$664,280",2016
Yannick Ngakoue,OLB,JAX,"$664,044",2016
Jaquiski Tartt,SS,SFO,"$663,955",2016
Jeremy Langford,RB,CHI,"$660,906",2016
Justin Hardy,WR,ATL,"$660,205",2016
Jalston Fowler,FB,TEN,"$659,429",2016
Clayton Geathers,SS,IND,"$658,482",2016
Eric Rowe,CB,NWE,"$656,811",2016
Jonathan Bullard,DE,CHI,"$656,630",2016
Kenyan Drake,RB,MIA,"$655,315",2016
Carlos Hyde,RB,SFO,"$654,698",2016
KeiVarae Russell,CB,CIN,"$653,282",2016
Ibraheim Campbell,SS,CLE,"$653,002",2016
Telvin Smith,ILB,JAX,"$652,763",2016
Charles Sims,RB,TAM,"$650,000",2016
Bene Benwikere,CB,CAR,"$649,750",2016
Avery Williamson,ILB,TEN,"$648,613",2016
Josh Shaw,CB,CIN,"$648,431",2016
Shilique Calhoun,DE,OAK,"$647,533",2016
Shon Coleman,OT,CLE,"$646,884",2016
Corey Linsley,C,GNB,"$646,250",2016
Daryl Worley,CB,CAR,"$645,921",2016
Za'Darius Smith,DE,BAL,"$645,788",2016
A.J. McCarron,QB,CIN,"$645,413",2016
Ryan Carrethers,DT,SDG,"$644,633",2016
Austin Hooper,TE,ATL,"$643,357",2016
Jon Feliciano,OG,OAK,"$640,163",2016
Jake Ryan,OLB,GNB,"$639,169",2016
Adolphus Washington,DT,BUF,"$638,574",2016
John Urschel,OG,BAL,"$636,140",2016
B.W. Webb,CB,NOR,"$635,294",2016
Marcus Martin,C,SFO,"$635,000",2016
Zach Fulton,OG,KAN,"$634,555",2016
Laurent Duvernay-Tardif,OT,KAN,"$633,575",2016
Le'Raven Clark,OT,IND,"$633,433",2016
Alfred Blue,RB,HOU,"$629,483",2016
Braxton Miller,WR,HOU,"$627,275",2016
Pat O'Donnell,P,CHI,"$626,327",2016
Kyle Love,DT,CAR,"$625,882",2016
Aaron Brewer,LS,ARI,"$625,882",2016
Joique Bell,RB,2TM,"$625,882",2016
C.J. Wilson,DE,CHI,"$625,882",2016
Jeremy Ross,WR,2TM,"$625,882",2016
Leonte Carroo,WR,MIA,"$625,097",2016
Tom Compton,T,ATL,"$625,000",2016
Greg Salas,WR,BUF,"$625,000",2016
Jake Long,T,MIN,"$624,705",2016
Nick Vigil,ILB,CIN,"$623,907",2016
Luke Bowanko,C,JAX,"$623,513",2016
Kyler Fackrell,OLB,GNB,"$623,512",2016
Javon Hargrave,DT,PIT,"$623,314",2016
Daniel McCullers,DT,PIT,"$619,670",2016
Marquis Flowers,OLB,CIN,"$619,670",2016
Jay Prosch,FB,HOU,"$619,670",2016
Kareem Martin,DE,ARI,"$618,000",2016
Andre Hal,CB,HOU,"$617,281",2016
Michael Campanaro,WR,BAL,"$616,875",2016
TJ Carrie,CB,OAK,"$616,741",2016
Cody Kessler,QB,CLE,"$616,197",2016
Rob Havenstein,OT,LAR,"$615,455",2016
Terrence Brooks,FS,PHI,"$615,000",2016
Travis Swanson,C,DET,"$615,000",2016
Josh Huff,WR,2TM,"$615,000",2016
Terrence Fede,DE,MIA,"$613,988",2016
Markus Golden,OLB,ARI,"$613,106",2016
Jeff Janis,WR,GNB,"$612,848",2016
James Wright,WR,CIN,"$612,456",2016
Corey Nelson,OLB,DEN,"$612,150",2016
John Brown,WR,ARI,"$612,000",2016
Charles Leno,OG,CHI,"$611,628",2016
Max Garcia,C,DEN,"$611,423",2016
Justin Simmons,FS,DEN,"$611,355",2016
Jerick McKinnon,RB,MIN,"$610,000",2016
Joe Schobert,OLB,CLE,"$608,489",2016
Ali Marpet,C,TAM,"$606,527",2016
Jay Bromley,DT,NYG,"$605,000",2016
Corey Brown,WR,CAR,"$605,000",2016
Connor Cook,QB,OAK,"$604,972",2016
Frank Clark,DE,SEA,"$604,647",2016
Andrew Norwell,G,CAR,"$604,000",2016
Jordan Richards,SS,NWE,"$603,707",2016
Joshua Perry,OLB,SDG,"$603,521",2016
Albert Wilson,WR,KAN,"$603,334",2016
Isaiah Crowell,RB,CLE,"$603,334",2016
James Hurst,OT,BAL,"$603,000",2016
Jonotthan Harrison,C,IND,"$602,500",2016
Christian Jones,ILB,CHI,"$602,334",2016
Sheldon Day,DT,JAX,"$602,102",2016
Zach Kerr,NT,IND,"$602,000",2016
Damien Williams,RB,MIA,"$601,668",2016
Tyler Shatley,OG,JAX,"$601,668",2016
Jayrone Elliott,LB,GNB,"$601,668",2016
Tavon Young,CB,BAL,"$601,282",2016
Zach Orr,LB,BAL,"$601,000",2016
Parker Ehinger,OG,KAN,"$600,727",2016
Cairo Santos,K,KAN,"$600,667",2016
Chandler Catanzaro,K,ARI,"$600,000",2016
Brandon Spikes,LB,BUF,"$600,000",2016
Darren Fells,TE,ARI,"$600,000",2016
Mike Adams,OT,CHI,"$600,000",2016
Kenneth Acker,CB,KAN,"$600,000",2016
Josh Mauro,DE,ARI,"$600,000",2016
Nat Berhe,SS,NYG,"$600,000",2016
Ramon Humber,LB,BUF,"$600,000",2016
Ross Cockrell,CB,PIT,"$600,000",2016
Orleans Darkwa,RB,NYG,"$600,000",2016
Dewey McDonald,S,SEA,"$600,000",2016
Ed Stinson,DE,ARI,"$600,000",2016
Chris Hubbard,G,PIT,"$600,000",2016
Daniel Sorensen,S,KAN,"$600,000",2016
Marqueston Huff,FS,BAL,"$600,000",2016
Dontrelle Inman,WR,SDG,"$600,000",2016
Nicholas Williams,DT,2TM,"$600,000",2016
Marcus Burley,CB,CLE,"$600,000",2016
Devon Kennard,OLB,NYG,"$600,000",2016
Taylor Gabriel,WR,ATL,"$600,000",2016
Pierre Desir,CB,SDG,"$600,000",2016
Caraun Reid,DT,SDG,"$600,000",2016
Andre Williams,RB,SDG,"$600,000",2016
Brock Coyle,LB,SEA,"$600,000",2016
Adrian Phillips,DB,SDG,"$600,000",2016
Garry Gilliam,T,SEA,"$600,000",2016
Fitzgerald Toussaint,RB,PIT,"$600,000",2016
Kenny Wiggins,T,SDG,"$600,000",2016
Brad Wing,P,NYG,"$600,000",2016
Cassius Marsh,DE,SEA,"$600,000",2016
Kerry Wynn,DE,NYG,"$600,000",2016
Marc Mariani,WR,TEN,"$600,000",2016
Connor Barth,K,CHI,"$600,000",2016
Kevin Pierre-Louis,OLB,SEA,"$600,000",2016
Cameron Brate,TE,TAM,"$600,000",2016
Arrelious Benn,WR,JAX,"$600,000",2016
Andrew DePaola,LS,TAM,"$600,000",2016
Chykie Brown,DB,CIN,"$600,000",2016
Mike Evans,WR,TAM,"$600,000",2016
Steven Terrell,DB,SEA,"$600,000",2016
Adarius Glanton,LB,TAM,"$600,000",2016
Kevin Pamphile,OT,TAM,"$600,000",2016
T.J. Johnson,C,CIN,"$600,000",2016
Brenton Bersin,WR,CAR,"$600,000",2016
Jacquies Smith,DE,TAM,"$600,000",2016
Charles Johnson,WR,MIN,"$600,000",2016
Chris Smith,DE,JAX,"$600,000",2016
Peyton Thompson,CB,JAX,"$600,000",2016
Todd Davis,LB,DEN,"$600,000",2016
Jeremiah Sirles,OT,MIN,"$600,000",2016
Shiloh Keo,DB,2TM,"$600,000",2016
Shamar Stephen,DT,MIN,"$600,000",2016
Adam Thielen,WR,MIN,"$600,000",2016
Brandon McManus,K,DEN,"$600,000",2016
Scott Simonson,TE,CAR,"$600,000",2016
Maurice Alexander,SS,LAR,"$600,000",2016
Nevin Lawson,CB,DET,"$600,000",2016
Cornelius Lucas,T,DET,"$600,000",2016
Beau Allen,DT,PHI,"$600,000",2016
Juwan Thompson,RB,DEN,"$600,000",2016
Kenjon Barner,RB,PHI,"$600,000",2016
E.J. Gaines,CB,LAR,"$600,000",2016
Trey Burton,TE,PHI,"$600,000",2016
Marcus Roberson,CB,BUF,"$600,000",2016
Taylor Hart,DE,SFO,"$600,000",2016
Brandon Tate,WR,BUF,"$600,000",2016
Malcolm Butler,CB,NWE,"$600,000",2016
Denico Autry,DE,OAK,"$600,000",2016
Antonio Andrews,RB,TEN,"$600,000",2016
Demetrius Rhaney,C,LAR,"$600,000",2016
Marcus Williams,CB,NYJ,"$600,000",2016
Cameron Fleming,OT,NWE,"$600,000",2016
Ethan Westbrooks,DE,LAR,"$600,000",2016
Steven Means,DE,PHI,"$600,000",2016
Jaylen Watkins,CB,PHI,"$600,000",2016
Wesley Johnson,OT,NYJ,"$600,000",2016
Ryan Jensen,T,BAL,"$600,000",2016
James White,RB,NWE,"$600,000",2016
Brett Goode,LB,GNB,"$600,000",2016
Robert Turbin,RB,IND,"$600,000",2016
Dakota Dozier,OT,NYJ,"$600,000",2016
Bashaud Breeland,CB,WAS,"$600,000",2016
Mike Gillislee,RB,BUF,"$600,000",2016
William Compton,LB,WAS,"$600,000",2016
Mike Catapano,DE,NYJ,"$600,000",2016
Ryan Groy,OG,BUF,"$600,000",2016
Justin Perillo,TE,GNB,"$600,000",2016
Ryan Grant,WR,WAS,"$600,000",2016
Jordan Todman,RB,IND,"$600,000",2016
Dustin Hopkins,K,WAS,"$600,000",2016
Jonathan Meeks,S,BUF,"$600,000",2016
Terrance West,RB,BAL,"$600,000",2016
Steven Johnson,LB,PIT,"$600,000",2016
Walt Powell,WR,BUF,"$600,000",2016
Phillip Supernaw,TE,TEN,"$600,000",2016
Spencer Long,OG,WAS,"$600,000",2016
Dekoda Watson,LB,DEN,"$600,000",2016
Colton Schmidt,P,BUF,"$600,000",2016
Ty Nsekhe,T,WAS,"$600,000",2016
David Johnson,TE,PIT,"$600,000",2016
Josh Bellamy,WR,CHI,"$600,000",2016
Ricardo Mathews,DT,PIT,"$600,000",2016
Robert Nelson,FS,HOU,"$600,000",2016
Jerel Worthy,DT,BUF,"$600,000",2016
Demontre Hurst,CB,CHI,"$600,000",2016
Tress Way,P,WAS,"$600,000",2016
Leger Douzable,DT,BUF,"$600,000",2016
Marcus Cromartie,CB,SFO,"$600,000",2016
Chris Davis,CB,SFO,"$600,000",2016
Anthony Hitchens,OLB,DAL,"$600,000",2016
Dominique Easley,DT,LAR,"$600,000",2016
Max Bullough,ILB,HOU,"$600,000",2016
Orson Charles,TE,DET,"$600,000",2016
Brandon Bostick,TE,NYJ,"$600,000",2016
Dontae Johnson,FS,SFO,"$600,000",2016
Lorenzo Alexander,DT,BUF,"$600,000",2016
Tavarres King,WR,NYG,"$600,000",2016
Charles James,CB,2TM,"$600,000",2016
Darrion Weems,T,DEN,"$600,000",2016
Keith Reaser,CB,SFO,"$600,000",2016
Daryl Richardson,RB,PIT,"$600,000",2016
Keith Smith,LB,DAL,"$600,000",2016
John Phillips,TE,2TM,"$600,000",2016
Andrew Tiller,G,SFO,"$600,000",2016
Zaviar Gooden,OLB,2TM,"$600,000",2016
Ben Garland,DL,ATL,"$600,000",2016
Billy Winn,DT,DEN,"$600,000",2016
Kasim Edebali,OLB,NOR,"$600,000",2016
Eric Murray,CB,KAN,"$599,950",2016
Chris Moore,WR,BAL,"$599,090",2016
Griff Whalen,WR,SDG,"$595,590",2016
Nick Kwiatkoski,ILB,CHI,"$593,780",2016
Ricardo Louis,WR,CLE,"$591,962",2016
De'Vondre Campbell,OLB,ATL,"$591,382",2016
Hassan Ridgeway,DT,IND,"$590,055",2016
Grady Jarrett,DT,ATL,"$586,963",2016
Tyler Ervin,RB,HOU,"$586,892",2016
Rashad Greene,WR,JAX,"$585,953",2016
Ben Heeney,ILB,OAK,"$585,681",2016
Adrian Amos,FS,CHI,"$583,070",2016
Sean Mannion,QB,LAR,"$582,285",2016
Bobby McCain,CB,MIA,"$582,072",2016
Deon Bush,FS,CHI,"$581,554",2016
Perry Riley,LB,OAK,"$581,176",2016
Brett Hundley,QB,GNB,"$580,908",2016
Jay Ajayi,RB,MIA,"$580,203",2016
David Parry,NT,IND,"$580,002",2016
Tyler Lockett,WR,SEA,"$580,000",2016
Antonio Morrison,ILB,IND,"$579,976",2016
Kyle Emanuel,OLB,SDG,"$579,643",2016
Demarcus Robinson,WR,KAN,"$579,293",2016
Tony Lippett,WR,MIA,"$578,691",2016
C.J. Uzomah,TE,CIN,"$578,190",2016
Deiondre' Hall,CB,CHI,"$577,722",2016
Jesse James,TE,PIT,"$577,228",2016
Jamon Brown,OT,LAR,"$575,575",2016
D.J. Alexander,OLB,KAN,"$575,563",2016
James O'Shaughnessy,TE,KAN,"$575,563",2016
Derrick Kindred,SS,CLE,"$574,839",2016
Lorenzo Doss,CB,DEN,"$574,303",2016
Ameer Abdullah,RB,DET,"$573,915",2016
Alex Lewis,OT,BAL,"$572,974",2016
Aaron Colvin,CB,JAX,"$572,111",2016
Cameron Artis-Payne,RB,CAR,"$566,563",2016
David Mayo,ILB,CAR,"$566,563",2016
Keith Mumphery,WR,HOU,"$566,563",2016
Damion Square,DE,SDG,"$566,176",2016
Gabe Ikard,C,BUF,"$564,705",2016
Jordan Devey,T,KAN,"$564,705",2016
Rakeem Nunez-Roches,DT,KAN,"$556,621",2016
Ryan Quigley,P,ARI,"$555,884",2016
Joplo Bartu,LB,ARI,"$555,882",2016
Darius Philon,DT,SDG,"$555,146",2016
Malcolm Johnson,FB,CLE,"$554,862",2016
Derron Smith,FS,CIN,"$554,658",2016
Leterrius Walton,DT,PIT,"$554,232",2016
Darius Kilgo,DT,DEN,"$552,889",2016
Aaron Ripkowski,FB,GNB,"$551,599",2016
P.J. Williams,CB,NOR,"$550,000",2016
Christian Covington,DT,HOU,"$547,622",2016
Kenneth Dixon,RB,BAL,"$545,848",2016
Devontae Booker,RB,DEN,"$545,848",2016
Cardale Jones,QB,BUF,"$545,848",2016
Seth Devalve,TE,CLE,"$545,848",2016
Dean Lowry,DE,GNB,"$545,848",2016
Blake Martinez,ILB,GNB,"$545,848",2016
Jordan Hicks,OLB,PHI,"$543,000",2016
Lorenzo Mauldin,OLB,NYJ,"$543,000",2016
Chaz Green,OT,DAL,"$540,375",2016
Eli Harold,OLB,SFO,"$540,000",2016
Dexter McDonald,CB,OAK,"$539,212",2016
Matt Jones,RB,WAS,"$539,000",2016
Chris Scott,T,CAR,"$538,823",2016
Denzell Goode,OT,IND,"$538,196",2016
Trevor Siemian,QB,DEN,"$538,195",2016
Chimdi Chekwa,DB,MIA,"$536,470",2016
Sam Young,T,MIA,"$536,470",2016
Danielle Hunter,DE,MIN,"$536,000",2016
Armonty Bryant,DE,DET,"$532,551",2016
Dean Marlowe,S,CAR,"$530,000",2016
Matt Barkley,QB,CHI,"$529,411",2016
Devin Street,WR,IND,"$529,411",2016
Asante Cleveland,TE,SDG,"$529,410",2016
Tenny Palepoi,DT,SDG,"$529,168",2016
Cody Riggs,CB,TEN,"$527,333",2016
Quinton Spain,OG,TEN,"$527,000",2016
Cameron Meredith,WR,CHI,"$527,000",2016
Greg Mancz,C,HOU,"$527,000",2016
La'el Collins,OT,DAL,"$526,750",2016
Nick Dzubnar,LB,SDG,"$526,666",2016
Josh Lambo,K,SDG,"$526,666",2016
Corey Grant,RB,JAX,"$526,666",2016
Ladarius Gunter,CB,GNB,"$526,666",2016
Kendall Lamm,T,HOU,"$525,666",2016
Terron Ward,RB,ATL,"$525,333",2016
Matt Darr,P,MIA,"$525,333",2016
Neville Hewitt,LB,MIA,"$525,333",2016
Alani Fua,OLB,ARI,"$525,000",2016
Rodney Gunter,DT,ARI,"$525,000",2016
Robenson Therezie,SS,ATL,"$525,000",2016
Marcus Murphy,RB,NOR,"$525,000",2016
Willie Snead,WR,NOR,"$525,000",2016
David Johnson,RB,ARI,"$525,000",2016
Jordan Berry,P,PIT,"$525,000",2016
Chris Boswell,K,PIT,"$525,000",2016
Jake Schum,P,GNB,"$525,000",2016
Anthony Chickillo,DE,PIT,"$525,000",2016
JJ Nelson,WR,ARI,"$525,000",2016
L.J. Fort,LB,PIT,"$525,000",2016
Tyreek Burwell,T,SDG,"$525,000",2016
Bobby Hart,OG,NYG,"$525,000",2016
George Atkinson,RB,CLE,"$525,000",2016
Xavier Williams,DT,ARI,"$525,000",2016
Roosevelt Nix,LB,PIT,"$525,000",2016
Ramik Wilson,ILB,KAN,"$525,000",2016
James Winchester,LS,KAN,"$525,000",2016
Sean McGrath,TE,SDG,"$525,000",2016
Owamagbe Odighizuwa,DE,NYG,"$525,000",2016
Thurston Armbrister,LB,DET,"$525,000",2016
Quan Bray,WR,IND,"$525,000",2016
Mark Glowinski,OG,SEA,"$525,000",2016
Alejandro Villanueva,OL,PIT,"$525,000",2016
Will Tye,TE,NYG,"$525,000",2016
Jude Adjei-Barimah,CB,TAM,"$525,000",2016
Tyrell Williams,WR,SDG,"$525,000",2016
Kwon Alexander,OLB,TAM,"$525,000",2016
Thomas Rawls,RB,SEA,"$525,000",2016
T.Y. McGill,DT,IND,"$525,000",2016
Adam Humphries,WR,TAM,"$525,000",2016
Howard Jones,LB,TAM,"$525,000",2016
Josh Keyes,LB,2TM,"$525,000",2016
T.J. Clemmings,OT,MIN,"$525,000",2016
Stefon Diggs,WR,MIN,"$525,000",2016
Nick Easton,C,MIN,"$525,000",2016
Jason Myers,K,JAX,"$525,000",2016
Hayes Pullard,ILB,JAX,"$525,000",2016
Anthony Harris,DB,MIN,"$525,000",2016
Anthony Johnson,DL,NWE,"$525,000",2016
Ryan Delaire,DE,CAR,"$525,000",2016
Neal Sterling,WR,JAX,"$525,000",2016
Jameis Winston,QB,TAM,"$525,000",2016
Zac Kerin,C,MIN,"$525,000",2016
Shaquil Barrett,OLB,DEN,"$525,000",2016
MyCole Pruitt,TE,2TM,"$525,000",2016
James Ferentz,C,DEN,"$525,000",2016
Edmond Robinson,OLB,MIN,"$525,000",2016
Bennie Fowler,WR,DEN,"$525,000",2016
Michael Burton,FB,DET,"$525,000",2016
Brandon Copeland,LB,DET,"$525,000",2016
Quandre Diggs,CB,DET,"$525,000",2016
Matt Paradis,C,DEN,"$525,000",2016
Josh Andrews,G,PHI,"$525,000",2016
Corey Robinson,OT,DET,"$525,000",2016
Andrew Donnal,OT,LAR,"$525,000",2016
Bryce Hager,ILB,LAR,"$525,000",2016
Khyri Thornton,DT,DET,"$525,000",2016
Troy Hill,CB,LAR,"$525,000",2016
David Andrews,C,NWE,"$525,000",2016
Zach Zenner,RB,DET,"$525,000",2016
Matt Longacre,DE,LAR,"$525,000",2016
Bradley Marquez,WR,LAR,"$525,000",2016
Khari Lee,TE,DET,"$525,000",2016
Joe Cardona,LS,NWE,"$525,000",2016
Justin Coleman,CB,NWE,"$525,000",2016
Leonard Williams,DT,NYJ,"$525,000",2016
Trey Flowers,DE,NWE,"$525,000",2016
Chris Harper,WR,SFO,"$525,000",2016
Cody Wichmann,OG,LAR,"$525,000",2016
Geneo Grissom,OLB,NWE,"$525,000",2016
Gabe Wright,DT,CLE,"$525,000",2016
Javorius Allen,RB,BAL,"$525,000",2016
Brent Qvale,T,NYJ,"$525,000",2016
Brandon King,DB,NWE,"$525,000",2016
Jared Abbrederis,WR,GNB,"$525,000",2016
Bryce Petty,QB,NYJ,"$525,000",2016
Shaq Mason,C,NWE,"$525,000",2016
Rontez Miles,FS,NYJ,"$525,000",2016
Dexter McDougle,CB,NYJ,"$525,000",2016
Seth Roberts,WR,OAK,"$525,000",2016
Houston Bates,OLB,WAS,"$525,000",2016
Quincy Enunwa,WR,NYJ,"$525,000",2016
Sheldon Price,CB,BAL,"$525,000",2016
Jamison Crowder,WR,WAS,"$525,000",2016
Quinton Dunbar,WR,WAS,"$525,000",2016
Deshazor Everett,CB,WAS,"$525,000",2016
Tre McBride,WR,TEN,"$525,000",2016
Nick O'Leary,TE,BUF,"$525,000",2016
Arie Kouandjio,OG,WAS,"$525,000",2016
Joe Thomas,LB,GNB,"$525,000",2016
Jonathan Anderson,LB,CHI,"$525,000",2016
Bryce Callahan,CB,CHI,"$525,000",2016
Dashaun Phillips,CB,WAS,"$525,000",2016
Kapri Bibbs,RB,DEN,"$525,000",2016
Nick Marshall,CB,NYJ,"$525,000",2016
Rashad Ross,WR,WAS,"$525,000",2016
Carl Bradford,OLB,2TM,"$525,000",2016
Leon Orr,DT,MIA,"$525,000",2016
Blake Bell,TE,SFO,"$525,000",2016
Brandon Scherff,OT,WAS,"$525,000",2016
Jacoby Glenn,DB,CHI,"$525,000",2016
Trenton Brown,OT,SFO,"$525,000",2016
Harold Jones-Quartey,DB,CHI,"$525,000",2016
Patrick Murray,K,CLE,"$525,000",2016
Ed Reynolds,FS,CLE,"$525,000",2016
Mike Davis,RB,SFO,"$525,000",2016
David Irving,DE,DAL,"$525,000",2016
Charley Hughlett,LS,CLE,"$525,000",2016
Patrick Scales,LS,CHI,"$525,000",2016
C.B. Bryant,FS,ARI,"$525,000",2016
Anthony Steen,OG,MIA,"$525,000",2016
Jamie Meder,DT,CLE,"$525,000",2016
Mark Nzeocha,OLB,DAL,"$525,000",2016
Isaiah Burse,WR,SDG,"$525,000",2016
Akeem Hunt,RB,HOU,"$525,000",2016
Rod Smith,RB,DAL,"$525,000",2016
Donald Hawkins,G,CAR,"$525,000",2016
Deon Simon,NT,NYJ,"$525,000",2016
Geoff Swaim,TE,DAL,"$525,000",2016
Lucky Whitehead,WR,DAL,"$525,000",2016
Anthony Johnson,DT,2TM,"$525,000",2016
Geremy Davis,WR,SDG,"$525,000",2016
Bradley Pinion,P,SFO,"$525,000",2016
Josh Walker,G,HOU,"$525,000",2016
Mike Purcell,DT,SFO,"$525,000",2016
Ricardo Allen,CB,ATL,"$525,000",2016
Damien Wilson,ILB,DAL,"$525,000",2016
Ryan Russell,DE,TAM,"$525,000",2016
Andrew Franks,K,MIA,"$525,000",2016
Delvin Breaux,CB,NOR,"$525,000",2016
Mike Hull,LB,MIA,"$525,000",2016
Brian Peters,LB,HOU,"$525,000",2016
Brandon Coleman,WR,NOR,"$525,000",2016
Jeremiah Poutasi,OT,JAX,"$525,000",2016
Tyeler Davison,DT,NOR,"$525,000",2016
Obum Gwacham,DE,NOR,"$525,000",2016
Jalen Collins,CB,ATL,"$521,315",2016
Tajae Sharpe,WR,TEN,"$518,721",2016
DeAndre Washington,RB,OAK,"$517,298",2016
Steve Williams,CB,2TM,"$516,178",2016
Dominique Jones,TE,MIA,"$516,178",2016
Josh Evans,FS,WAS,"$516,176",2016
Matt Judon,DE,BAL,"$513,934",2016
Jordan Howard,RB,CHI,"$512,005",2016
Jordan Payton,WR,CLE,"$511,000",2016
Joe Haeg,OT,IND,"$510,602",2016
Jonathan Williams,RB,BUF,"$510,228",2016
LeShaun Sims,CB,TEN,"$509,546",2016
K.J. Dillon,S,HOU,"$508,734",2016
Trevor Davis,WR,GNB,"$506,794",2016
D.J. Reader,DT,HOU,"$503,845",2016
Spencer Drango,OG,CLE,"$501,912",2016
Tyreek Hill,WR,KAN,"$497,500",2016
Rashard Higgins,WR,CLE,"$496,096",2016
Jatavis Brown,OLB,SDG,"$496,096",2016
Korey Toomer,ILB,SDG,"$494,117",2016
Michael Ola,T,BUF,"$494,116",2016
Antone Smith,RB,TAM,"$491,176",2016
Andy Janovich,FB,DEN,"$491,077",2016
D.J. White,CB,KAN,"$489,253",2016
Drew Kaser,P,SDG,"$488,456",2016
DeAndre Houston-Carson,FS,CHI,"$485,235",2016
Jakeem Grant,WR,MIA,"$485,095",2016
Sebastian Tretola,OG,TEN,"$483,185",2016
Cory James,OLB,OAK,"$483,119",2016
Derek Watt,FB,SDG,"$482,420",2016
Cody Core,WR,CIN,"$481,983",2016
Kyle Murphy,OT,GNB,"$481,535",2016
Dadi Nicolas,DE,KAN,"$480,803",2016
Jordan Lucas,SS,MIA,"$479,990",2016
Randall Telfer,TE,CLE,"$479,384",2016
Demetri Goodson,CB,GNB,"$478,543",2016
Maurice Canady,CB,BAL,"$475,089",2016
Will Parks,S,DEN,"$475,089",2016
Kevon Seymour,CB,BUF,"$475,089",2016
Seantrel Henderson,OT,BUF,"$471,543",2016
Riley Dixon,P,DEN,"$470,002",2016
Chris Reed,G,JAX,"$470,000",2016
Vadal Alexander,OG,OAK,"$469,211",2016
Clayton Fejedelem,FS,CIN,"$465,887",2016
Tyler Matakevich,ILB,PIT,"$465,762",2016
Austin Blythe,C,IND,"$465,497",2016
Randy Gregory,DE,DAL,"$465,252",2016
Cody Parkey,K,CLE,"$463,235",2016
Shayne Skov,ILB,SFO,"$463,235",2016
Freddie Martino,WR,TAM,"$463,230",2016
Mike Pennel,DT,GNB,"$459,716",2016
Brittan Golden,WR,ARI,"$458,823",2016
Jordan Tripp,OLB,2TM,"$458,823",2016
Brandon Dunn,DT,HOU,"$458,823",2016
Aaron Lynch,DE,SFO,"$458,823",2016
Kerwynn Williams,RB,ARI,"$458,822",2016
Damiere Byrd,WR,CAR,"$458,000",2016
Jeremy Cash,LB,CAR,"$456,666",2016
Scooby Wright,ILB,ARI,"$456,175",2016
Justin March-Lillard,LB,KAN,"$453,333",2016
Josh Ferguson,RB,IND,"$453,333",2016
Tracy Howard,DB,CLE,"$453,000",2016
Eli Rogers,WR,PIT,"$451,666",2016
Mike Jordan,DB,LAR,"$450,000",2016
Matt Wile,K,2TM,"$450,000",2016
Trovon Reed,CB,SDG,"$450,000",2016
Taylor Decker,OT,DET,"$450,000",2016
Josh Doctson,WR,WAS,"$450,000",2016
Carson Wentz,QB,PHI,"$450,000",2016
Gabe Martin,LB,ARI,"$450,000",2016
Ezekiel Elliott,RB,DAL,"$450,000",2016
Sheldon Rankins,DT,NOR,"$450,000",2016
Eli Apple,CB,NYG,"$450,000",2016
Jordan Jenkins,OLB,NYJ,"$450,000",2016
Kevin Byard,S,TEN,"$450,000",2016
Robert Nkemdiche,DT,ARI,"$450,000",2016
Brandon Williams,CB,ARI,"$450,000",2016
Rees Odhiambo,OG,SEA,"$450,000",2016
C.J. Prosise,RB,SEA,"$450,000",2016
Darryl Roberts,CB,NYJ,"$450,000",2016
Jarran Reed,DT,SEA,"$450,000",2016
Nick Vannett,TE,SEA,"$450,000",2016
Garrison Smith,DT,SEA,"$450,000",2016
Mackensie Alexander,CB,MIN,"$450,000",2016
Brett Jones,C,NYG,"$450,000",2016
Tyrone Holmes,OLB,CLE,"$450,000",2016
Jacoby Brissett,QB,NWE,"$450,000",2016
Cyrus Jones,CB,NWE,"$450,000",2016
Joe Thuney,OG,NWE,"$450,000",2016
Bryan Witzmann,T,KAN,"$450,000",2016
Mykkele Thompson,S,NYG,"$450,000",2016
Vincent Valentine,DT,NWE,"$450,000",2016
Kamu Grugier-Hill,OLB,PHI,"$450,000",2016
Robert Thomas,NT,NYG,"$450,000",2016
Richard Ash,DT,2TM,"$450,000",2016
Robby Anderson,WR,NYJ,"$450,000",2016
Graham Glasgow,OG,DET,"$450,000",2016
Braedon Bowman,TE,NYJ,"$450,000",2016
A'Shawn Robinson,DT,DET,"$450,000",2016
Julian Howsare,FB,NYJ,"$450,000",2016
Jalin Marshall,WR,NYJ,"$450,000",2016
Troymaine Pope,RB,2TM,"$450,000",2016
Su'a Cravens,OLB,WAS,"$450,000",2016
Lawrence Thomas,DE,NYJ,"$450,000",2016
Kendall Fuller,CB,WAS,"$450,000",2016
Kameron Canaday,LS,ARI,"$450,000",2016
Lamar Louis,LB,ARI,"$450,000",2016
Trevone Boykin,QB,SEA,"$450,000",2016
DeAndre Elliott,CB,SEA,"$450,000",2016
George Fant,T,SEA,"$450,000",2016
Nolan Frese,LS,SEA,"$450,000",2016
Tanner McEvoy,WR,SEA,"$450,000",2016
Tyvis Powell,FS,SEA,"$450,000",2016
Josh Johnson,DB,JAX,"$450,000",2016
Isaac Seumalo,OG,PHI,"$450,000",2016
Tani Tupou,DT,SEA,"$450,000",2016
Nic Grigsby,LB,LAR,"$450,000",2016
Cory Littleton,LB,LAR,"$450,000",2016
Erik Swoope,TE,IND,"$450,000",2016
Maliek Collins,DT,DAL,"$450,000",2016
Pace Murphy,OL,LAR,"$450,000",2016
Vonn Bell,SS,NOR,"$450,000",2016
Michael Pierce,DT,BAL,"$450,000",2016
Sterling Shepard,WR,NYG,"$450,000",2016
Paul Lasike,FB,CHI,"$450,000",2016
Darian Thompson,FS,NYG,"$450,000",2016
Cre'von LeBlanc,DB,CHI,"$450,000",2016
Roberto Aguayo,K,TAM,"$450,000",2016
B.J. Finney,C,PIT,"$450,000",2016
Noah Spence,DE,TAM,"$450,000",2016
Juston Burris,CB,NYJ,"$450,000",2016
Jarrod Wilson,S,JAX,"$450,000",2016
Lac Edwards,P,NYJ,"$450,000",2016
Zaire Anderson,LB,DEN,"$450,000",2016
Charone Peake,WR,NYJ,"$450,000",2016
Kyle Peko,DT,DEN,"$450,000",2016
Brandon Shell,OT,NYJ,"$450,000",2016
D.J. Foster,RB,NWE,"$450,000",2016
Jonathan Jones,DB,NWE,"$450,000",2016
Bryson Albright,LB,BUF,"$450,000",2016
Glenn Gronkowski,FB,BUF,"$450,000",2016
Aaron Wallace,OLB,TEN,"$450,000",2016
Dominique Alexander,LB,CLE,"$450,000",2016
Ronald Blair,DE,SFO,"$450,000",2016
Briean Boddy-Calhoun,DB,CLE,"$450,000",2016
Aaron Burbridge,WR,SFO,"$450,000",2016
Rashard Robinson,CB,SFO,"$450,000",2016
Joshua Perkins,TE,ATL,"$450,000",2016
Trevor Roach,LB,CIN,"$450,000",2016
John Theus,OT,SFO,"$450,000",2016
Brian Poole,S,ATL,"$450,000",2016
Evan Boehm,C,ARI,"$450,000",2016
Kenneth Farrow,RB,SDG,"$450,000",2016
Marqui Christian,SS,LAR,"$450,000",2016
Dexter McCoil,S,SDG,"$450,000",2016
Spencer Pulley,C,SDG,"$450,000",2016
Cole Toner,OT,ARI,"$450,000",2016
Alex Erickson,WR,CIN,"$450,000",2016
Alex Collins,RB,SEA,"$450,000",2016
Adairius Barnes,CB,DET,"$450,000",2016
DeShawn Williams,DT,CIN,"$450,000",2016
Joey Hunt,C,SEA,"$450,000",2016
Cole Wick,TE,DET,"$450,000",2016
Quinton Jefferson,DT,SEA,"$450,000",2016
Antonio Hamilton,CB,OAK,"$450,000",2016
Johnny Holton,WR,OAK,"$450,000",2016
Kentrell Brothers,ILB,MIN,"$450,000",2016
Darius Latham,DT,OAK,"$450,000",2016
Jayron Kearse,SS,MIN,"$450,000",2016
Jalen Richard,RB,OAK,"$450,000",2016
David Morgan,TE,MIN,"$450,000",2016
Robert Kelley,RB,WAS,"$450,000",2016
Stephen Weatherly,OLB,MIN,"$450,000",2016
Anthony Lanier,DE,WAS,"$450,000",2016
Pharoh Cooper,WR,LAR,"$450,000",2016
Stephen Anderson,TE,HOU,"$450,000",2016
Josh Forrest,ILB,LAR,"$450,000",2016
Joel Heath,DE,HOU,"$450,000",2016
Temarrick Hemingway,TE,LAR,"$450,000",2016
Brennan Scarlett,LB,HOU,"$450,000",2016
Tyler Higbee,TE,LAR,"$450,000",2016
Ross Travis,TE,KAN,"$450,000",2016
Matthias Farley,DB,IND,"$450,000",2016
Edwin Jackson,LB,IND,"$450,000",2016
Curt Maggitt,LB,IND,"$450,000",2016
Kerry Hyder,DT,DET,"$450,000",2016
Chester Rogers,WR,IND,"$450,000",2016
Jared Norris,LB,CAR,"$450,000",2016
Dillon Gordon,G,PHI,"$450,000",2016
Bryce Treggs,WR,PHI,"$450,000",2016
Destiny Vaeao,DT,PHI,"$450,000",2016
Kentrell Brice,S,GNB,"$450,000",2016
Thomas Duarte,WR,MIA,"$450,000",2016
Malcolm Brown,RB,LAR,"$450,000",2016
Marwin Evans,S,GNB,"$450,000",2016
Josh Hawkins,CB,GNB,"$450,000",2016
Ken Crawley,DB,NOR,"$450,000",2016
De'Vante Harris,DB,NOR,"$450,000",2016
Erik Harris,DB,NOR,"$450,000",2016
Tommylee Lewis,WR,NOR,"$450,000",2016
Michael Thomas,WR,NOR,"$450,000",2016
Landon Turner,OL,NOR,"$450,000",2016
Roger Lewis,WR,NYG,"$450,000",2016
Romeo Okwara,DE,NYG,"$450,000",2016
DaVonte Lambert,DT,TAM,"$450,000",2016
Channing Ward,DE,TAM,"$450,000",2016
Leonard Wester,T,TAM,"$450,000",2016
Wil Lutz,K,NOR,"$450,000",2016
James Cowser,LB,OAK,"$450,000",2016
A.J. Derby,TE,2TM,"$450,000",2016
Joe Dahl,OG,DET,"$450,000",2016
Miles Killebrew,SS,DET,"$450,000",2016
Peyton Barber,RB,TAM,"$450,000",2016
Dwayne Washington,RB,DET,"$450,000",2016
Antwione Williams,OLB,DET,"$450,000",2016
Anthony Zettel,DE,DET,"$450,000",2016
Jordan Taylor,WR,DEN,"$450,000",2016
Andrew Adams,S,NYG,"$450,000",2016
Jalen Mills,CB,PHI,"$450,000",2016
Wendell Smallwood,RB,PHI,"$450,000",2016
Halapoulivaati Vaitai,OT,PHI,"$450,000",2016
Anthony Brown,CB,DAL,"$450,000",2016
Kavon Frazier,FS,DAL,"$450,000",2016
Dak Prescott,QB,DAL,"$450,000",2016
Daniel Lasco,RB,NOR,"$450,000",2016
David Onyemata,DT,NOR,"$450,000",2016
Jerell Adams,TE,NYG,"$450,000",2016
B.J. Goodson,OLB,NYG,"$450,000",2016
Paul Perkins,RB,NYG,"$450,000",2016
Ted Karras,OG,NWE,"$450,000",2016
Malcolm Mitchell,WR,NWE,"$450,000",2016
Elandon Roberts,ILB,NWE,"$450,000",2016
Caleb Benenoch,OT,TAM,"$450,000",2016
Ryan Smith,CB,TAM,"$450,000",2016
Christian Ringo,DE,GNB,"$450,000",2016
Kevin Hogan,QB,CLE,"$450,000",2016
Frankie Williams,CB,IND,"$450,000",2016
Martrell Spaight,OLB,WAS,"$450,000",2016
C.J. Smith,CB,PHI,"$450,000",2016
Dan Vitale,FB,CLE,"$450,000",2016
Patrick Onwuasor,LB,BAL,"$450,000",2016
Jake Lampman,WR,NOR,"$450,000",2016
Ben Koyack,TE,JAX,"$450,000",2016
De'Vante Bausby,DB,CHI,"$450,000",2016
Michael Palardy,K,CAR,"$450,000",2016
Sharrod Neasman,S,ATL,"$450,000",2016
Casey Kreiter,LS,DEN,"$450,000",2016
Maurice Harris,WR,WAS,"$450,000",2016
Chris Landrum,LB,SDG,"$450,000",2016
Austin Reiter,C,CLE,"$450,000",2016
Cornelius Edison,OL,CHI,"$450,000",2016
Vernon Hargreaves,CB,TAM,"$450,000",2016
Geronimo Allison,WR,GNB,"$450,000",2016
Mack Brown,RB,WAS,"$450,000",2016
Vince Mayle,WR,DAL,"$450,000",2016
John Wetzel,T,ARI,"$450,000",2016
Julius Warmsley,DE,MIA,"$450,000",2016
Matt Lengel,TE,NWE,"$450,000",2016
Terrance Smith,LB,KAN,"$450,000",2016
C.J. Goodwin,WR,ATL,"$450,000",2016
Chris Manhertz,TE,2TM,"$450,000",2016
Eric Tomlinson,TE,NYJ,"$450,000",2016
Tyler Larsen,C,CAR,"$450,000",2016
Lafayette Pitts,CB,MIA,"$450,000",2016
Joe Kerridge,FB,GNB,"$450,000",2016
Jordan Dangerfield,FS,PIT,"$450,000",2016
Jamar Taylor,CB,CLE,"$450,000",2016
Xavier Grimble,TE,PIT,"$450,000",2016
Ben Gottschalk,C,TAM,"$450,000",2016
Corey Moore,S,HOU,"$450,000",2016
Mike Thomas,WR,LAR,"$450,000",2016
Rashod Hill,T,2TM,"$450,000",2016
Trey Hopkins,G,CIN,"$450,000",2016
Deon King,LB,2TM,"$450,000",2016
Darron Lee,OLB,NYJ,"$450,000",2016
Blake Countess,CB,LAR,"$450,000",2016
DeForest Buckner,DE,SFO,"$450,000",2016
Joshua Garnett,OG,SFO,"$450,000",2016
Jake Brendel,C,MIA,"$450,000",2016
Germain Ifedi,OT,SEA,"$450,000",2016
Rick Lovato,LS,2TM,"$450,000",2016
Laquon Treadwell,WR,MIN,"$450,000",2016
Christopher Milton,CB,IND,"$450,000",2016
Jared Goff,QB,LAR,"$450,000",2016
Cobi Hamilton,WR,PIT,"$450,000",2016
Shane McDermott,C,NYG,"$450,000",2016
Paul Turner,WR,PHI,"$450,000",2016
Vinston Painter,OT,WAS,"$432,348",2016
Emmett Cleary,T,DAL,"$432,348",2016
Cam Johnson,DE,CLE,"$432,348",2016
Je'Ron Hamm,TE,SFO,"$432,348",2016
John Timu,ILB,CHI,"$432,348",2016
Darren Waller,WR,BAL,"$429,245",2016
Deontae Skinner,LB,NYG,"$423,529",2016
Jeremy Butler,WR,SDG,"$401,470",2016
Cameron Lynch,LB,TAM,"$401,470",2016
Daniel Brown,WR,2TM,"$401,466",2016
Matthew Ioannidis,DT,WAS,"$397,058",2016
Alan Cross,TE,TAM,"$397,050",2016
Raheem Mostert,RB,2TM,"$397,050",2016
Brian Price,DT,GNB,"$397,050",2016
Curtis Riley,CB,TEN,"$397,050",2016
Ulrick John,OT,ARI,"$370,588",2016
Willie Beavers,OT,MIN,"$370,580",2016
Michael Hunter,CB,NYG,"$370,580",2016
Denver Kirkland,G,OAK,"$370,580",2016
Ben Braunecker,TE,CHI,"$370,580",2016
Jeremy Vujnovich,T,IND,"$370,580",2016
Lonnie Ballentine,FS,HOU,"$359,474",2016
Zach Vigil,ILB,2TM,"$351,333",2016
Josh Wells,T,JAX,"$349,000",2016
Hakeem Valles,TE,ARI,"$344,117",2016
Trevor Bates,LB,IND,"$344,110",2016
Zack Sanchez,CB,CAR,"$344,110",2016
Gerald Christian,TE,BUF,"$344,110",2016
Connor Hamlett,TE,CLE,"$344,110",2016
Ryan O'Malley,TE,OAK,"$344,110",2016
Al-Hajj Shabazz,CB,2TM,"$344,110",2016
Woodrow Hamilton,DL,NWE,"$344,110",2016
Trevor Williams,CB,SDG,"$344,110",2016
Russell Hansbrough,RB,TAM,"$344,110",2016
Matt Feiler,T,PIT,"$344,110",2016
Makinton Dorleant,CB,GNB,"$333,000",2016
JaCorey Shepherd,CB,SFO,"$317,640",2016
Thomas Gafford,LB,DEN,"$312,352",2016
Don Jackson,RB,GNB,"$291,170",2016
Ryan Wendell,C,CAR,"$260,294",2016
Nick Boyle,TE,BAL,"$247,960",2016
Major Wright,DB,TAM,"$223,529",2016
Vinnie Sunseri,SS,SFO,"$211,764",2016
Lou Young,CB,CAR,"$211,764",2016
Jordan Gay,P,BUF,"$211,764",2016
David Fales,QB,CHI,"$211,764",2016
Terrance Mitchell,CB,KAN,"$211,764",2016
Blidi Wreh-Wilson,CB,ATL,"$198,529",2016
David Yankey,OG,CAR,"$185,292",2016
Ayodeji Olatoye,DB,ATL,"$185,284",2016
Jeron Johnson,DB,SEA,"$178,823",2016
Deandre Coleman,DT,BUF,"$176,470",2016
T.J. Barnes,DT,KAN,"$176,470",2016
T.J. Jones,WR,DET,"$176,470",2016
Ben Jacobs,LB,CAR,"$158,824",2016
Khiry Robinson,RB,NYJ,"$158,823",2016
George Farmer,RB,SEA,"$158,820",2016
Javien Elliott,CB,TAM,"$158,820",2016
Alex Ellis,TE,JAX,"$158,820",2016
Tyler Ott,LS,2TM,"$158,820",2016
Ufomba Kamalu,DE,HOU,"$158,820",2016
Tyrell Adams,LB,OAK,"$158,820",2016
Jason Trusnik,DE,NOR,"$156,176",2016
Marcus Ball,S,2TM,"$154,411",2016
Eric Pinkins,FS,NYG,"$154,411",2016
Dezmin Lewis,WR,BUF,"$154,411",2016
Myles Jack,OLB,JAX,"$151,716",2016
Nick Williams,WR,ATL,"$141,176",2016
Sean Porter,OLB,JAX,"$141,176",2016
Justin Staples,DL,TEN,"$141,176",2016
Malliciah Goodman,DE,2TM,"$141,176",2016
T.J. Yates,QB,MIA,"$134,117",2016
Rashawn Scott,WR,MIA,"$132,350",2016
Kalif Raymond,WR,DEN,"$132,350",2016
Shane Wynn,WR,JAX,"$132,350",2016
Branden Jackson,DE,OAK,"$132,350",2016
Kalan Reed,CB,TEN,"$132,350",2016
Daniel Braverman,WR,CHI,"$132,350",2016
Denzel Rice,DB,HOU,"$123,528",2016
Donteea Dye,WR,TAM,"$123,528",2016
Nick Moody,OLB,WAS,"$119,117",2016
David Arkin,OL,LAR,"$119,117",2016
Ifeanyi Momah,WR,ARI,"$117,300",2016
Brandon Wilds,RB,NYJ,"$105,880",2016
Luke Rhodes,LB,IND,"$105,880",2016
Doug Middleton,S,NYJ,"$105,880",2016
Bronson Hill,RB,JAX,"$105,880",2016
Quentin Gause,LB,DEN,"$105,880",2016
Freddie Bishop,DE,NYJ,"$105,880",2016
Anthony Fabiano,OL,CLE,"$105,880",2016
Shamiel Gary,SS,BUF,"$92,646",2016
Deiontrez Mount,OLB,IND,"$92,646",2016
Mario Alford,WR,CLE,"$92,646",2016
Ronald Martin,S,NYJ,"$92,646",2016
Andrew Gardner,T,SFO,"$89,411",2016
Mehdi Abdesmad,DE,TEN,"$79,410",2016
Toby Johnson,DT,MIN,"$79,410",2016
Alex Balducci,OL,SFO,"$79,410",2016
Givens Price,T,ARI,"$79,410",2016
Wendall Williams,WR,HOU,"$79,410",2016
Byron Marshall,RB,PHI,"$79,410",2016
Vontarrius Dora,LB,DEN,"$79,410",2016
Demarcus Ayers,WR,PIT,"$79,410",2016
Morgan Fox,DL,LAR,"$79,410",2016
Craig Watts,G,NYJ,"$79,410",2016
Trevor Reilly,OLB,MIA,"$70,588",2016
Randell Johnson,OLB,NYJ,"$70,588",2016
Akeem Davis,S,JAX,"$61,764",2016
Paul Dawson,OLB,CIN,"$61,764",2016
Tony Washington,WR,JAX,"$61,764",2016
Alex Carter,CB,DET,"$61,764",2016
Terrence Magee,RB,SEA,"$61,764",2016
Isaiah Johnson,DB,LAR,"$61,764",2016
D.J. Tialavea,TE,ATL,"$52,940",2016
J.D. McKissic,WR,SEA,"$52,940",2016
Marcus Rush,LB,JAX,"$52,940",2016
Bralon Addison,RB,CHI,"$52,940",2016
Wynton McManis,LB,SFO,"$52,940",2016
Aaron Green,RB,LAR,"$52,940",2016
Paul McRoberts,WR,LAR,"$52,940",2016
Henry Krieger-Coble,TE,DEN,"$52,940",2016
Trevon Hartfield,DB,ARI,"$52,940",2016
Brennen Beyer,LB,BAL,"$52,940",2016
Johnny Maxey,DE,PIT,"$52,940",2016
Prince Charles Iworah,CB,SFO,"$52,940",2016
Harlan Miller,CB,ARI,"$52,940",2016
Trey Caldwell,DB,CLE,"$52,940",2016
DeAndre Smelter,WR,SFO,"$52,940",2016
Crezdon Butler,DB,DET,"$44,705",2016
Joe Banyard,RB,JAX,"$39,706",2016
Brian Dixon,CB,NOR,"$35,294",2016
Zach Moore,DE,DAL,"$30,882",2016
Josh Shirley,DE,CHI,"$30,882",2016
Carlos Fields,LB,SDG,"$30,882",2016
Larry Webster,DE,CAR,"$30,882",2016
Brandon Burks,RB,NYJ,"$26,470",2016
A.J. Hendy,S,MIA,"$26,470",2016
Bryson Keeton,CB,NYJ,"$26,470",2016
Travell Dixon,S,CAR,"$26,470",2016
Isaac Fruechte,WR,MIN,"$26,470",2016
Taveze Calhoun,DB,NOR,"$26,470",2016
Kasen Williams,WR,SEA,"$26,470",2016
Taurean Nixon,DB,DEN,"$26,470",2016
